Year,tournament Name,Stage Name,Group Name,Home Team Name,Away Team Name,Home Team Score,Away Team Score,Home Team Score Margin,Extra Time,Penalty Shootout,Result,Home Team Win,Away Team Win,Draw
1930,1930 FIFA World Cup,group stage,Group 1,France,Mexico,4,1,3,0,0,home team win,1,0,0
1930,1930 FIFA World Cup,group stage,Group 4,United States,Belgium,3,0,3,0,0,home team win,1,0,0
1930,1930 FIFA World Cup,group stage,Group 2,Yugoslavia,Brazil,2,1,1,0,0,home team win,1,0,0
1930,1930 FIFA World Cup,group stage,Group 3,Romania,Peru,3,1,2,0,0,home team win,1,0,0
1930,1930 FIFA World Cup,group stage,Group 1,Argentina,France,1,0,1,0,0,home team win,1,0,0
1930,1930 FIFA World Cup,group stage,Group 1,Chile,Mexico,3,0,3,0,0,home team win,1,0,0
1930,1930 FIFA World Cup,group stage,Group 2,Yugoslavia,Bolivia,4,0,4,0,0,home team win,1,0,0
1930,1930 FIFA World Cup,group stage,Group 4,United States,Paraguay,3,0,3,0,0,home team win,1,0,0
1930,1930 FIFA World Cup,group stage,Group 3,Uruguay,Peru,1,0,1,0,0,home team win,1,0,0
1930,1930 FIFA World Cup,group stage,Group 1,Chile,France,1,0,1,0,0,home team win,1,0,0
1930,1930 FIFA World Cup,group stage,Group 1,Argentina,Mexico,6,3,3,0,0,home team win,1,0,0
1930,1930 FIFA World Cup,group stage,Group 2,Brazil,Bolivia,4,0,4,0,0,home team win,1,0,0
1930,1930 FIFA World Cup,group stage,Group 4,Paraguay,Belgium,1,0,1,0,0,home team win,1,0,0
1930,1930 FIFA World Cup,group stage,Group 3,Uruguay,Romania,4,0,4,0,0,home team win,1,0,0
1930,1930 FIFA World Cup,group stage,Group 1,Argentina,Chile,3,1,2,0,0,home team win,1,0,0
1930,1930 FIFA World Cup,semi-finals,not applicable,Argentina,United States,6,1,5,0,0,home team win,1,0,0
1930,1930 FIFA World Cup,semi-finals,not applicable,Uruguay,Yugoslavia,6,1,5,0,0,home team win,1,0,0
1930,1930 FIFA World Cup,final,not applicable,Uruguay,Argentina,4,2,2,0,0,home team win,1,0,0
1934,1934 FIFA World Cup,round of 16,not applicable,Austria,France,3,2,1,1,0,home team win,1,0,0
1934,1934 FIFA World Cup,round of 16,not applicable,Czechoslovakia,Romania,2,1,1,0,0,home team win,1,0,0
1934,1934 FIFA World Cup,round of 16,not applicable,Germany,Belgium,5,2,3,0,0,home team win,1,0,0
1934,1934 FIFA World Cup,round of 16,not applicable,Hungary,Egypt,4,2,2,0,0,home team win,1,0,0
1934,1934 FIFA World Cup,round of 16,not applicable,Italy,United States,7,1,6,0,0,home team win,1,0,0
1934,1934 FIFA World Cup,round of 16,not applicable,Spain,Brazil,3,1,2,0,0,home team win,1,0,0
1934,1934 FIFA World Cup,round of 16,not applicable,Sweden,Argentina,3,2,1,0,0,home team win,1,0,0
1934,1934 FIFA World Cup,round of 16,not applicable,Switzerland,Netherlands,3,2,1,0,0,home team win,1,0,0
1934,1934 FIFA World Cup,quarter-finals,not applicable,Austria,Hungary,2,1,1,0,0,home team win,1,0,0
1934,1934 FIFA World Cup,quarter-finals,not applicable,Czechoslovakia,Switzerland,3,2,1,0,0,home team win,1,0,0
1934,1934 FIFA World Cup,quarter-finals,not applicable,Germany,Sweden,2,1,1,0,0,home team win,1,0,0
1934,1934 FIFA World Cup,quarter-finals,not applicable,Italy,Spain,1,1,0,1,0,draw,0,0,1
1934,1934 FIFA World Cup,quarter-finals,not applicable,Italy,Spain,1,0,1,0,0,home team win,1,0,0
1934,1934 FIFA World Cup,semi-finals,not applicable,Czechoslovakia,Germany,3,1,2,0,0,home team win,1,0,0
1934,1934 FIFA World Cup,semi-finals,not applicable,Italy,Austria,1,0,1,0,0,home team win,1,0,0
1934,1934 FIFA World Cup,third-place match,not applicable,Germany,Austria,3,2,1,0,0,home team win,1,0,0
1934,1934 FIFA World Cup,final,not applicable,Italy,Czechoslovakia,2,1,1,1,0,home team win,1,0,0
1938,1938 FIFA World Cup,round of 16,not applicable,Switzerland,Germany,1,1,0,1,0,draw,0,0,1
1938,1938 FIFA World Cup,round of 16,not applicable,Cuba,Romania,3,3,0,1,0,draw,0,0,1
1938,1938 FIFA World Cup,round of 16,not applicable,France,Belgium,3,1,2,0,0,home team win,1,0,0
1938,1938 FIFA World Cup,round of 16,not applicable,Hungary,Dutch East Indies,6,0,6,0,0,home team win,1,0,0
1938,1938 FIFA World Cup,round of 16,not applicable,Italy,Norway,2,1,1,1,0,home team win,1,0,0
1938,1938 FIFA World Cup,round of 16,not applicable,Brazil,Poland,6,5,1,1,0,home team win,1,0,0
1938,1938 FIFA World Cup,round of 16,not applicable,Czechoslovakia,Netherlands,3,0,3,1,0,home team win,1,0,0
1938,1938 FIFA World Cup,round of 16,not applicable,Cuba,Romania,2,1,1,0,0,home team win,1,0,0
1938,1938 FIFA World Cup,round of 16,not applicable,Switzerland,Germany,4,2,2,0,0,home team win,1,0,0
1938,1938 FIFA World Cup,quarter-finals,not applicable,Brazil,Czechoslovakia,1,1,0,1,0,draw,0,0,1
1938,1938 FIFA World Cup,quarter-finals,not applicable,Hungary,Switzerland,2,0,2,0,0,home team win,1,0,0
1938,1938 FIFA World Cup,quarter-finals,not applicable,Italy,France,3,1,2,0,0,home team win,1,0,0
1938,1938 FIFA World Cup,quarter-finals,not applicable,Sweden,Cuba,8,0,8,0,0,home team win,1,0,0
1938,1938 FIFA World Cup,quarter-finals,not applicable,Brazil,Czechoslovakia,2,1,1,0,0,home team win,1,0,0
1938,1938 FIFA World Cup,semi-finals,not applicable,Hungary,Sweden,5,1,4,0,0,home team win,1,0,0
1938,1938 FIFA World Cup,semi-finals,not applicable,Italy,Brazil,2,1,1,0,0,home team win,1,0,0
1938,1938 FIFA World Cup,third-place match,not applicable,Brazil,Sweden,4,2,2,0,0,home team win,1,0,0
1938,1938 FIFA World Cup,final,not applicable,Italy,Hungary,4,2,2,0,0,home team win,1,0,0
1950,1950 FIFA World Cup,group stage,Group 1,Brazil,Mexico,4,0,4,0,0,home team win,1,0,0
1950,1950 FIFA World Cup,group stage,Group 1,Yugoslavia,Switzerland,3,0,3,0,0,home team win,1,0,0
1950,1950 FIFA World Cup,group stage,Group 2,England,Chile,2,0,2,0,0,home team win,1,0,0
1950,1950 FIFA World Cup,group stage,Group 2,Spain,United States,3,1,2,0,0,home team win,1,0,0
1950,1950 FIFA World Cup,group stage,Group 3,Sweden,Italy,3,2,1,0,0,home team win,1,0,0
1950,1950 FIFA World Cup,group stage,Group 1,Brazil,Switzerland,2,2,0,0,0,draw,0,0,1
1950,1950 FIFA World Cup,group stage,Group 1,Yugoslavia,Mexico,4,1,3,0,0,home team win,1,0,0
1950,1950 FIFA World Cup,group stage,Group 2,Spain,Chile,2,0,2,0,0,home team win,1,0,0
1950,1950 FIFA World Cup,group stage,Group 2,United States,England,1,0,1,0,0,home team win,1,0,0
1950,1950 FIFA World Cup,group stage,Group 3,Sweden,Paraguay,2,2,0,0,0,draw,0,0,1
1950,1950 FIFA World Cup,group stage,Group 1,Brazil,Yugoslavia,2,0,2,0,0,home team win,1,0,0
1950,1950 FIFA World Cup,group stage,Group 2,Chile,United States,5,2,3,0,0,home team win,1,0,0
1950,1950 FIFA World Cup,group stage,Group 2,Spain,England,1,0,1,0,0,home team win,1,0,0
1950,1950 FIFA World Cup,group stage,Group 3,Italy,Paraguay,2,0,2,0,0,home team win,1,0,0
1950,1950 FIFA World Cup,group stage,Group 4,Uruguay,Bolivia,8,0,8,0,0,home team win,1,0,0
1950,1950 FIFA World Cup,group stage,Group 1,Switzerland,Mexico,2,1,1,0,0,home team win,1,0,0
1950,1950 FIFA World Cup,final round,not applicable,Brazil,Sweden,7,1,6,0,0,home team win,1,0,0
1950,1950 FIFA World Cup,final round,not applicable,Uruguay,Spain,2,2,0,0,0,draw,0,0,1
1950,1950 FIFA World Cup,final round,not applicable,Brazil,Spain,6,1,5,0,0,home team win,1,0,0
1950,1950 FIFA World Cup,final round,not applicable,Uruguay,Sweden,3,2,1,0,0,home team win,1,0,0
1950,1950 FIFA World Cup,final round,not applicable,Sweden,Spain,3,1,2,0,0,home team win,1,0,0
1950,1950 FIFA World Cup,final round,not applicable,Uruguay,Brazil,2,1,1,0,0,home team win,1,0,0
1954,1954 FIFA World Cup,group stage,Group 1,Brazil,Mexico,5,0,5,0,0,home team win,1,0,0
1954,1954 FIFA World Cup,group stage,Group 1,Yugoslavia,France,1,0,1,0,0,home team win,1,0,0
1954,1954 FIFA World Cup,group stage,Group 3,Austria,Scotland,1,0,1,0,0,home team win,1,0,0
1954,1954 FIFA World Cup,group stage,Group 3,Uruguay,Czechoslovakia,2,0,2,0,0,home team win,1,0,0
1954,1954 FIFA World Cup,group stage,Group 4,Switzerland,Italy,2,1,1,0,0,home team win,1,0,0
1954,1954 FIFA World Cup,group stage,Group 2,Hungary,South Korea,9,0,9,0,0,home team win,1,0,0
1954,1954 FIFA World Cup,group stage,Group 2,West Germany,Turkey,4,1,3,0,0,home team win,1,0,0
1954,1954 FIFA World Cup,group stage,Group 4,England,Belgium,4,4,0,1,0,draw,0,0,1
1954,1954 FIFA World Cup,group stage,Group 3,Uruguay,Scotland,7,0,7,0,0,home team win,1,0,0
1954,1954 FIFA World Cup,group stage,Group 1,Brazil,Yugoslavia,1,1,0,1,0,draw,0,0,1
1954,1954 FIFA World Cup,group stage,Group 3,Austria,Czechoslovakia,5,0,5,0,0,home team win,1,0,0
1954,1954 FIFA World Cup,group stage,Group 1,France,Mexico,3,2,1,0,0,home team win,1,0,0
1954,1954 FIFA World Cup,group stage,Group 2,Hungary,West Germany,8,3,5,0,0,home team win,1,0,0
1954,1954 FIFA World Cup,group stage,Group 2,Turkey,South Korea,7,0,7,0,0,home team win,1,0,0
1954,1954 FIFA World Cup,group stage,Group 4,Italy,Belgium,4,1,3,0,0,home team win,1,0,0
1954,1954 FIFA World Cup,group stage,Group 4,England,Switzerland,2,0,2,0,0,home team win,1,0,0
1954,1954 FIFA World Cup,group stage,Group 2,West Germany,Turkey,7,2,5,0,0,home team win,1,0,0
1954,1954 FIFA World Cup,group stage,Group 4,Switzerland,Italy,4,1,3,0,0,home team win,1,0,0
1954,1954 FIFA World Cup,quarter-finals,not applicable,Austria,Switzerland,7,5,2,0,0,home team win,1,0,0
1954,1954 FIFA World Cup,quarter-finals,not applicable,Uruguay,England,4,2,2,0,0,home team win,1,0,0
1954,1954 FIFA World Cup,quarter-finals,not applicable,Hungary,Brazil,4,2,2,0,0,home team win,1,0,0
1954,1954 FIFA World Cup,quarter-finals,not applicable,West Germany,Yugoslavia,2,0,2,0,0,home team win,1,0,0
1954,1954 FIFA World Cup,semi-finals,not applicable,Hungary,Uruguay,4,2,2,1,0,home team win,1,0,0
1954,1954 FIFA World Cup,semi-finals,not applicable,West Germany,Austria,6,1,5,0,0,home team win,1,0,0
1954,1954 FIFA World Cup,third-place match,not applicable,Austria,Uruguay,3,1,2,0,0,home team win,1,0,0
1954,1954 FIFA World Cup,final,not applicable,West Germany,Hungary,3,2,1,0,0,home team win,1,0,0
1958,1958 FIFA World Cup,group stage,Group 3,Sweden,Mexico,3,0,3,0,0,home team win,1,0,0
1958,1958 FIFA World Cup,group stage,Group 1,Argentina,West Germany,1,3,-2,0,0,away team win,0,1,0
1958,1958 FIFA World Cup,group stage,Group 1,Northern Ireland,Czechoslovakia,1,0,1,0,0,home team win,1,0,0
1958,1958 FIFA World Cup,group stage,Group 2,France,Paraguay,7,3,4,0,0,home team win,1,0,0
1958,1958 FIFA World Cup,group stage,Group 2,Yugoslavia,Scotland,1,1,0,0,0,draw,0,0,1
1958,1958 FIFA World Cup,group stage,Group 3,Hungary,Wales,1,1,0,0,0,draw,0,0,1
1958,1958 FIFA World Cup,group stage,Group 4,Brazil,Austria,3,0,3,0,0,home team win,1,0,0
1958,1958 FIFA World Cup,group stage,Group 4,Soviet Union,England,2,2,0,0,0,draw,0,0,1
1958,1958 FIFA World Cup,group stage,Group 1,Argentina,Northern Ireland,3,1,2,0,0,home team win,1,0,0
1958,1958 FIFA World Cup,group stage,Group 1,West Germany,Czechoslovakia,2,2,0,0,0,draw,0,0,1
1958,1958 FIFA World Cup,group stage,Group 2,Paraguay,Scotland,3,2,1,0,0,home team win,1,0,0
1958,1958 FIFA World Cup,group stage,Group 2,Yugoslavia,France,3,2,1,0,0,home team win,1,0,0
1958,1958 FIFA World Cup,group stage,Group 3,Mexico,Wales,1,1,0,0,0,draw,0,0,1
1958,1958 FIFA World Cup,group stage,Group 4,Brazil,England,0,0,0,0,0,draw,0,0,1
1958,1958 FIFA World Cup,group stage,Group 4,Soviet Union,Austria,2,0,2,0,0,home team win,1,0,0
1958,1958 FIFA World Cup,group stage,Group 3,Sweden,Hungary,2,1,1,0,0,home team win,1,0,0
1958,1958 FIFA World Cup,group stage,Group 3,Sweden,Wales,0,0,0,0,0,draw,0,0,1
1958,1958 FIFA World Cup,group stage,Group 1,Czechoslovakia,Argentina,6,1,5,0,0,home team win,1,0,0
1958,1958 FIFA World Cup,group stage,Group 1,West Germany,Northern Ireland,2,2,0,0,0,draw,0,0,1
1958,1958 FIFA World Cup,group stage,Group 2,France,Scotland,2,1,1,0,0,home team win,1,0,0
1958,1958 FIFA World Cup,group stage,Group 2,Paraguay,Yugoslavia,3,3,0,0,0,draw,0,0,1
1958,1958 FIFA World Cup,group stage,Group 3,Hungary,Mexico,4,0,4,0,0,home team win,1,0,0
1958,1958 FIFA World Cup,group stage,Group 4,Brazil,Soviet Union,2,0,2,0,0,home team win,1,0,0
1958,1958 FIFA World Cup,group stage,Group 4,England,Austria,2,2,0,0,0,draw,0,0,1
1958,1958 FIFA World Cup,group stage,Group 1,Northern Ireland,Czechoslovakia,2,1,1,1,0,home team win,1,0,0
1958,1958 FIFA World Cup,group stage,Group 3,Wales,Hungary,2,1,1,0,0,home team win,1,0,0
1958,1958 FIFA World Cup,group stage,Group 4,Soviet Union,England,1,0,1,0,0,home team win,1,0,0
1958,1958 FIFA World Cup,quarter-finals,not applicable,Brazil,Wales,1,0,1,0,0,home team win,1,0,0
1958,1958 FIFA World Cup,quarter-finals,not applicable,France,Northern Ireland,4,0,4,0,0,home team win,1,0,0
1958,1958 FIFA World Cup,quarter-finals,not applicable,Sweden,Soviet Union,2,0,2,0,0,home team win,1,0,0
1958,1958 FIFA World Cup,quarter-finals,not applicable,West Germany,Yugoslavia,1,0,1,0,0,home team win,1,0,0
1958,1958 FIFA World Cup,semi-finals,not applicable,Brazil,France,5,2,3,0,0,home team win,1,0,0
1958,1958 FIFA World Cup,semi-finals,not applicable,Sweden,West Germany,3,1,2,0,0,home team win,1,0,0
1958,1958 FIFA World Cup,third-place match,not applicable,France,West Germany,6,3,3,0,0,home team win,1,0,0
1958,1958 FIFA World Cup,final,not applicable,Brazil,Sweden,5,2,3,0,0,home team win,1,0,0
1962,1962 FIFA World Cup,group stage,Group 1,Uruguay,Colombia,2,1,1,0,0,home team win,1,0,0
1962,1962 FIFA World Cup,group stage,Group 2,Chile,Switzerland,3,1,2,0,0,home team win,1,0,0
1962,1962 FIFA World Cup,group stage,Group 3,Brazil,Mexico,2,0,2,0,0,home team win,1,0,0
1962,1962 FIFA World Cup,group stage,Group 4,Argentina,Bulgaria,1,0,1,0,0,home team win,1,0,0
1962,1962 FIFA World Cup,group stage,Group 1,Soviet Union,Yugoslavia,2,0,2,0,0,home team win,1,0,0
1962,1962 FIFA World Cup,group stage,Group 2,West Germany,Italy,0,0,0,0,0,draw,0,0,1
1962,1962 FIFA World Cup,group stage,Group 3,Czechoslovakia,Spain,1,0,1,0,0,home team win,1,0,0
1962,1962 FIFA World Cup,group stage,Group 4,Hungary,England,2,1,1,0,0,home team win,1,0,0
1962,1962 FIFA World Cup,group stage,Group 1,Yugoslavia,Uruguay,3,1,2,0,0,home team win,1,0,0
1962,1962 FIFA World Cup,group stage,Group 2,Chile,Italy,2,0,2,0,0,home team win,1,0,0
1962,1962 FIFA World Cup,group stage,Group 3,Brazil,Czechoslovakia,0,0,0,0,0,draw,0,0,1
1962,1962 FIFA World Cup,group stage,Group 4,England,Argentina,3,1,2,0,0,home team win,1,0,0
1962,1962 FIFA World Cup,group stage,Group 1,Soviet Union,Colombia,4,4,0,0,0,draw,0,0,1
1962,1962 FIFA World Cup,group stage,Group 2,West Germany,Switzerland,2,1,1,0,0,home team win,1,0,0
1962,1962 FIFA World Cup,group stage,Group 3,Spain,Mexico,1,0,1,0,0,home team win,1,0,0
1962,1962 FIFA World Cup,group stage,Group 4,Hungary,Bulgaria,6,1,5,0,0,home team win,1,0,0
1962,1962 FIFA World Cup,group stage,Group 1,Soviet Union,Uruguay,2,1,1,0,0,home team win,1,0,0
1962,1962 FIFA World Cup,group stage,Group 2,West Germany,Chile,2,0,2,0,0,home team win,1,0,0
1962,1962 FIFA World Cup,group stage,Group 3,Brazil,Spain,2,1,1,0,0,home team win,1,0,0
1962,1962 FIFA World Cup,group stage,Group 4,Hungary,Argentina,0,0,0,0,0,draw,0,0,1
1962,1962 FIFA World Cup,group stage,Group 1,Yugoslavia,Colombia,5,0,5,0,0,home team win,1,0,0
1962,1962 FIFA World Cup,group stage,Group 2,Italy,Switzerland,3,0,3,0,0,home team win,1,0,0
1962,1962 FIFA World Cup,group stage,Group 3,Mexico,Czechoslovakia,3,1,2,0,0,home team win,1,0,0
1962,1962 FIFA World Cup,group stage,Group 4,England,Bulgaria,0,0,0,0,0,draw,0,0,1
1962,1962 FIFA World Cup,quarter-finals,not applicable,Brazil,England,3,1,2,0,0,home team win,1,0,0
1962,1962 FIFA World Cup,quarter-finals,not applicable,Chile,Soviet Union,2,1,1,0,0,home team win,1,0,0
1962,1962 FIFA World Cup,quarter-finals,not applicable,Czechoslovakia,Hungary,1,0,1,0,0,home team win,1,0,0
1962,1962 FIFA World Cup,quarter-finals,not applicable,Yugoslavia,West Germany,1,0,1,0,0,home team win,1,0,0
1962,1962 FIFA World Cup,semi-finals,not applicable,Brazil,Chile,4,2,2,0,0,home team win,1,0,0
1962,1962 FIFA World Cup,semi-finals,not applicable,Czechoslovakia,Yugoslavia,3,1,2,0,0,home team win,1,0,0
1962,1962 FIFA World Cup,third-place match,not applicable,Chile,Yugoslavia,1,0,1,0,0,home team win,1,0,0
1962,1962 FIFA World Cup,final,not applicable,Brazil,Czechoslovakia,3,1,2,0,0,home team win,1,0,0
1966,1966 FIFA World Cup,group stage,Group 1,England,Uruguay,0,0,0,0,0,draw,0,0,1
1966,1966 FIFA World Cup,group stage,Group 2,West Germany,Switzerland,5,0,5,0,0,home team win,1,0,0
1966,1966 FIFA World Cup,group stage,Group 3,Brazil,Bulgaria,2,0,2,0,0,home team win,1,0,0
1966,1966 FIFA World Cup,group stage,Group 4,Soviet Union,North Korea,3,0,3,0,0,home team win,1,0,0
1966,1966 FIFA World Cup,group stage,Group 1,France,Mexico,1,1,0,0,0,draw,0,0,1
1966,1966 FIFA World Cup,group stage,Group 2,Argentina,Spain,2,1,1,0,0,home team win,1,0,0
1966,1966 FIFA World Cup,group stage,Group 3,Portugal,Hungary,3,1,2,0,0,home team win,1,0,0
1966,1966 FIFA World Cup,group stage,Group 4,Italy,Chile,2,0,2,0,0,home team win,1,0,0
1966,1966 FIFA World Cup,group stage,Group 1,Uruguay,France,2,1,1,0,0,home team win,1,0,0
1966,1966 FIFA World Cup,group stage,Group 2,Spain,Switzerland,2,1,1,0,0,home team win,1,0,0
1966,1966 FIFA World Cup,group stage,Group 3,Hungary,Brazil,3,1,2,0,0,home team win,1,0,0
1966,1966 FIFA World Cup,group stage,Group 4,Chile,North Korea,1,1,0,0,0,draw,0,0,1
1966,1966 FIFA World Cup,group stage,Group 2,Argentina,West Germany,0,0,0,0,0,draw,0,0,1
1966,1966 FIFA World Cup,group stage,Group 3,Portugal,Bulgaria,3,0,3,0,0,home team win,1,0,0
1966,1966 FIFA World Cup,group stage,Group 4,Soviet Union,Italy,1,0,1,0,0,home team win,1,0,0
1966,1966 FIFA World Cup,group stage,Group 1,England,Mexico,2,0,2,0,0,home team win,1,0,0
1966,1966 FIFA World Cup,group stage,Group 1,Mexico,Uruguay,0,0,0,0,0,draw,0,0,1
1966,1966 FIFA World Cup,group stage,Group 2,Argentina,Switzerland,2,0,2,0,0,home team win,1,0,0
1966,1966 FIFA World Cup,group stage,Group 3,Portugal,Brazil,3,1,2,0,0,home team win,1,0,0
1966,1966 FIFA World Cup,group stage,Group 4,North Korea,Italy,1,0,1,0,0,home team win,1,0,0
1966,1966 FIFA World Cup,group stage,Group 1,England,France,2,0,2,0,0,home team win,1,0,0
1966,1966 FIFA World Cup,group stage,Group 2,West Germany,Spain,2,1,1,0,0,home team win,1,0,0
1966,1966 FIFA World Cup,group stage,Group 3,Hungary,Bulgaria,3,1,2,0,0,home team win,1,0,0
1966,1966 FIFA World Cup,group stage,Group 4,Soviet Union,Chile,2,1,1,0,0,home team win,1,0,0
1966,1966 FIFA World Cup,quarter-finals,not applicable,England,Argentina,1,0,1,0,0,home team win,1,0,0
1966,1966 FIFA World Cup,quarter-finals,not applicable,Portugal,North Korea,5,3,2,0,0,home team win,1,0,0
1966,1966 FIFA World Cup,quarter-finals,not applicable,Soviet Union,Hungary,2,1,1,0,0,home team win,1,0,0
1966,1966 FIFA World Cup,quarter-finals,not applicable,West Germany,Uruguay,4,0,4,0,0,home team win,1,0,0
1966,1966 FIFA World Cup,semi-finals,not applicable,West Germany,Soviet Union,2,1,1,0,0,home team win,1,0,0
1966,1966 FIFA World Cup,semi-finals,not applicable,England,Portugal,2,1,1,0,0,home team win,1,0,0
1966,1966 FIFA World Cup,third-place match,not applicable,Portugal,Soviet Union,2,1,1,0,0,home team win,1,0,0
1966,1966 FIFA World Cup,final,not applicable,England,West Germany,4,2,2,1,0,home team win,1,0,0
1970,1970 FIFA World Cup,group stage,Group 1,Mexico,Soviet Union,0,0,0,0,0,draw,0,0,1
1970,1970 FIFA World Cup,group stage,Group 2,Uruguay,Israel,2,0,2,0,0,home team win,1,0,0
1970,1970 FIFA World Cup,group stage,Group 3,England,Romania,1,0,1,0,0,home team win,1,0,0
1970,1970 FIFA World Cup,group stage,Group 4,Peru,Bulgaria,3,2,1,0,0,home team win,1,0,0
1970,1970 FIFA World Cup,group stage,Group 1,Belgium,El Salvador,3,0,3,0,0,home team win,1,0,0
1970,1970 FIFA World Cup,group stage,Group 2,Italy,Sweden,1,0,1,0,0,home team win,1,0,0
1970,1970 FIFA World Cup,group stage,Group 3,Brazil,Czechoslovakia,4,1,3,0,0,home team win,1,0,0
1970,1970 FIFA World Cup,group stage,Group 4,West Germany,Morocco,2,1,1,0,0,home team win,1,0,0
1970,1970 FIFA World Cup,group stage,Group 1,Soviet Union,Belgium,4,1,3,0,0,home team win,1,0,0
1970,1970 FIFA World Cup,group stage,Group 2,Uruguay,Italy,0,0,0,0,0,draw,0,0,1
1970,1970 FIFA World Cup,group stage,Group 3,Romania,Czechoslovakia,2,1,1,0,0,home team win,1,0,0
1970,1970 FIFA World Cup,group stage,Group 4,Peru,Morocco,3,0,3,0,0,home team win,1,0,0
1970,1970 FIFA World Cup,group stage,Group 1,Mexico,El Salvador,4,0,4,0,0,home team win,1,0,0
1970,1970 FIFA World Cup,group stage,Group 2,Sweden,Israel,1,1,0,0,0,draw,0,0,1
1970,1970 FIFA World Cup,group stage,Group 3,Brazil,England,1,0,1,0,0,home team win,1,0,0
1970,1970 FIFA World Cup,group stage,Group 4,West Germany,Bulgaria,5,2,3,0,0,home team win,1,0,0
1970,1970 FIFA World Cup,group stage,Group 1,Soviet Union,El Salvador,2,0,2,0,0,home team win,1,0,0
1970,1970 FIFA World Cup,group stage,Group 2,Sweden,Uruguay,1,0,1,0,0,home team win,1,0,0
1970,1970 FIFA World Cup,group stage,Group 3,Brazil,Romania,3,2,1,0,0,home team win,1,0,0
1970,1970 FIFA World Cup,group stage,Group 4,West Germany,Peru,3,1,2,0,0,home team win,1,0,0
1970,1970 FIFA World Cup,group stage,Group 1,Mexico,Belgium,1,0,1,0,0,home team win,1,0,0
1970,1970 FIFA World Cup,group stage,Group 2,Italy,Israel,0,0,0,0,0,draw,0,0,1
1970,1970 FIFA World Cup,group stage,Group 3,England,Czechoslovakia,1,0,1,0,0,home team win,1,0,0
1970,1970 FIFA World Cup,group stage,Group 4,Bulgaria,Morocco,1,1,0,0,0,draw,0,0,1
1970,1970 FIFA World Cup,quarter-finals,not applicable,Brazil,Peru,4,2,2,0,0,home team win,1,0,0
1970,1970 FIFA World Cup,quarter-finals,not applicable,Italy,Mexico,4,1,3,0,0,home team win,1,0,0
1970,1970 FIFA World Cup,quarter-finals,not applicable,Soviet Union,Uruguay,0,1,-1,1,0,away team win,0,1,0
1970,1970 FIFA World Cup,quarter-finals,not applicable,West Germany,England,3,2,1,1,0,home team win,1,0,0
1970,1970 FIFA World Cup,semi-finals,not applicable,Brazil,Uruguay,3,1,2,0,0,home team win,1,0,0
1970,1970 FIFA World Cup,semi-finals,not applicable,Italy,West Germany,4,3,1,1,0,home team win,1,0,0
1970,1970 FIFA World Cup,third-place match,not applicable,West Germany,Uruguay,1,0,1,0,0,home team win,1,0,0
1970,1970 FIFA World Cup,final,not applicable,Brazil,Italy,4,1,3,0,0,home team win,1,0,0
1974,1974 FIFA World Cup,group stage,Group 2,Brazil,Yugoslavia,0,0,0,0,0,draw,0,0,1
1974,1974 FIFA World Cup,group stage,Group 1,West Germany,Chile,1,0,1,0,0,home team win,1,0,0
1974,1974 FIFA World Cup,group stage,Group 1,East Germany,Australia,2,0,2,0,0,home team win,1,0,0
1974,1974 FIFA World Cup,group stage,Group 2,Zaire,Scotland,0,2,-2,0,0,away team win,0,1,0
1974,1974 FIFA World Cup,group stage,Group 3,Sweden,Bulgaria,0,0,0,0,0,draw,0,0,1
1974,1974 FIFA World Cup,group stage,Group 3,Uruguay,Netherlands,0,2,-2,0,0,away team win,0,1,0
1974,1974 FIFA World Cup,group stage,Group 4,Italy,Haiti,3,1,2,0,0,home team win,1,0,0
1974,1974 FIFA World Cup,group stage,Group 4,Poland,Argentina,3,2,1,0,0,home team win,1,0,0
1974,1974 FIFA World Cup,group stage,Group 1,Australia,West Germany,0,3,-3,0,0,away team win,0,1,0
1974,1974 FIFA World Cup,group stage,Group 1,Chile,East Germany,1,1,0,0,0,draw,0,0,1
1974,1974 FIFA World Cup,group stage,Group 2,Scotland,Brazil,0,0,0,0,0,draw,0,0,1
1974,1974 FIFA World Cup,group stage,Group 2,Yugoslavia,Zaire,9,0,9,0,0,home team win,1,0,0
1974,1974 FIFA World Cup,group stage,Group 3,Bulgaria,Uruguay,1,1,0,0,0,draw,0,0,1
1974,1974 FIFA World Cup,group stage,Group 3,Netherlands,Sweden,0,0,0,0,0,draw,0,0,1
1974,1974 FIFA World Cup,group stage,Group 4,Argentina,Italy,1,1,0,0,0,draw,0,0,1
1974,1974 FIFA World Cup,group stage,Group 4,Haiti,Poland,0,7,-7,0,0,away team win,0,1,0
1974,1974 FIFA World Cup,group stage,Group 1,Australia,Chile,0,0,0,0,0,draw,0,0,1
1974,1974 FIFA World Cup,group stage,Group 2,Scotland,Yugoslavia,1,1,0,0,0,draw,0,0,1
1974,1974 FIFA World Cup,group stage,Group 2,Zaire,Brazil,0,3,-3,0,0,away team win,0,1,0
1974,1974 FIFA World Cup,group stage,Group 1,East Germany,West Germany,1,0,1,0,0,home team win,1,0,0
1974,1974 FIFA World Cup,group stage,Group 3,Bulgaria,Netherlands,1,4,-3,0,0,away team win,0,1,0
1974,1974 FIFA World Cup,group stage,Group 3,Sweden,Uruguay,3,0,3,0,0,home team win,1,0,0
1974,1974 FIFA World Cup,group stage,Group 4,Argentina,Haiti,4,1,3,0,0,home team win,1,0,0
1974,1974 FIFA World Cup,group stage,Group 4,Poland,Italy,2,1,1,0,0,home team win,1,0,0
1974,1974 FIFA World Cup,second group stage,Group B,Yugoslavia,West Germany,0,2,-2,0,0,away team win,0,1,0
1974,1974 FIFA World Cup,second group stage,Group A,Brazil,East Germany,1,0,1,0,0,home team win,1,0,0
1974,1974 FIFA World Cup,second group stage,Group A,Netherlands,Argentina,4,0,4,0,0,home team win,1,0,0
1974,1974 FIFA World Cup,second group stage,Group B,Sweden,Poland,0,1,-1,0,0,away team win,0,1,0
1974,1974 FIFA World Cup,second group stage,Group A,Argentina,Brazil,1,2,-1,0,0,away team win,0,1,0
1974,1974 FIFA World Cup,second group stage,Group A,East Germany,Netherlands,0,2,-2,0,0,away team win,0,1,0
1974,1974 FIFA World Cup,second group stage,Group B,Poland,Yugoslavia,2,1,1,0,0,home team win,1,0,0
1974,1974 FIFA World Cup,second group stage,Group B,West Germany,Sweden,4,2,2,0,0,home team win,1,0,0
1974,1974 FIFA World Cup,second group stage,Group B,Poland,West Germany,0,1,-1,0,0,away team win,0,1,0
1974,1974 FIFA World Cup,second group stage,Group A,Argentina,East Germany,1,1,0,0,0,draw,0,0,1
1974,1974 FIFA World Cup,second group stage,Group A,Netherlands,Brazil,2,0,2,0,0,home team win,1,0,0
1974,1974 FIFA World Cup,second group stage,Group B,Sweden,Yugoslavia,2,1,1,0,0,home team win,1,0,0
1974,1974 FIFA World Cup,third-place match,not applicable,Brazil,Poland,0,1,-1,0,0,away team win,0,1,0
1974,1974 FIFA World Cup,final,not applicable,Netherlands,West Germany,1,2,-1,0,0,away team win,0,1,0
1978,1978 FIFA World Cup,group stage,Group 2,West Germany,Poland,0,0,0,0,0,draw,0,0,1
1978,1978 FIFA World Cup,group stage,Group 1,Italy,France,2,1,1,0,0,home team win,1,0,0
1978,1978 FIFA World Cup,group stage,Group 2,Tunisia,Mexico,3,1,2,0,0,home team win,1,0,0
1978,1978 FIFA World Cup,group stage,Group 1,Argentina,Hungary,2,1,1,0,0,home team win,1,0,0
1978,1978 FIFA World Cup,group stage,Group 3,Austria,Spain,2,1,1,0,0,home team win,1,0,0
1978,1978 FIFA World Cup,group stage,Group 3,Brazil,Sweden,1,1,0,0,0,draw,0,0,1
1978,1978 FIFA World Cup,group stage,Group 4,Netherlands,Iran,3,0,3,0,0,home team win,1,0,0
1978,1978 FIFA World Cup,group stage,Group 4,Peru,Scotland,3,1,2,0,0,home team win,1,0,0
1978,1978 FIFA World Cup,group stage,Group 1,Italy,Hungary,3,1,2,0,0,home team win,1,0,0
1978,1978 FIFA World Cup,group stage,Group 2,Poland,Tunisia,1,0,1,0,0,home team win,1,0,0
1978,1978 FIFA World Cup,group stage,Group 2,West Germany,Mexico,6,0,6,0,0,home team win,1,0,0
1978,1978 FIFA World Cup,group stage,Group 1,Argentina,France,2,1,1,0,0,home team win,1,0,0
1978,1978 FIFA World Cup,group stage,Group 3,Austria,Sweden,1,0,1,0,0,home team win,1,0,0
1978,1978 FIFA World Cup,group stage,Group 3,Brazil,Spain,0,0,0,0,0,draw,0,0,1
1978,1978 FIFA World Cup,group stage,Group 4,Netherlands,Peru,0,0,0,0,0,draw,0,0,1
1978,1978 FIFA World Cup,group stage,Group 4,Scotland,Iran,1,1,0,0,0,draw,0,0,1
1978,1978 FIFA World Cup,group stage,Group 1,France,Hungary,3,1,2,0,0,home team win,1,0,0
1978,1978 FIFA World Cup,group stage,Group 2,Poland,Mexico,3,1,2,0,0,home team win,1,0,0
1978,1978 FIFA World Cup,group stage,Group 2,West Germany,Tunisia,0,0,0,0,0,draw,0,0,1
1978,1978 FIFA World Cup,group stage,Group 1,Argentina,Italy,0,1,-1,0,0,away team win,0,1,0
1978,1978 FIFA World Cup,group stage,Group 3,Brazil,Austria,1,0,1,0,0,home team win,1,0,0
1978,1978 FIFA World Cup,group stage,Group 3,Spain,Sweden,1,0,1,0,0,home team win,1,0,0
1978,1978 FIFA World Cup,group stage,Group 4,Peru,Iran,4,1,3,0,0,home team win,1,0,0
1978,1978 FIFA World Cup,group stage,Group 4,Scotland,Netherlands,3,2,1,0,0,home team win,1,0,0
1978,1978 FIFA World Cup,second group stage,Group A,Austria,Netherlands,1,5,-4,0,0,away team win,0,1,0
1978,1978 FIFA World Cup,second group stage,Group A,Italy,West Germany,0,0,0,0,0,draw,0,0,1
1978,1978 FIFA World Cup,second group stage,Group B,Brazil,Peru,3,0,3,0,0,home team win,1,0,0
1978,1978 FIFA World Cup,second group stage,Group B,Argentina,Poland,2,0,2,0,0,home team win,1,0,0
1978,1978 FIFA World Cup,second group stage,Group B,Peru,Poland,0,1,-1,0,0,away team win,0,1,0
1978,1978 FIFA World Cup,second group stage,Group A,Italy,Austria,1,0,1,0,0,home team win,1,0,0
1978,1978 FIFA World Cup,second group stage,Group A,Netherlands,West Germany,2,2,0,0,0,draw,0,0,1
1978,1978 FIFA World Cup,second group stage,Group B,Argentina,Brazil,0,0,0,0,0,draw,0,0,1
1978,1978 FIFA World Cup,second group stage,Group A,Austria,West Germany,3,2,1,0,0,home team win,1,0,0
1978,1978 FIFA World Cup,second group stage,Group A,Italy,Netherlands,1,2,-1,0,0,away team win,0,1,0
1978,1978 FIFA World Cup,second group stage,Group B,Brazil,Poland,3,1,2,0,0,home team win,1,0,0
1978,1978 FIFA World Cup,second group stage,Group B,Argentina,Peru,6,0,6,0,0,home team win,1,0,0
1978,1978 FIFA World Cup,third-place match,not applicable,Brazil,Italy,2,1,1,0,0,home team win,1,0,0
1978,1978 FIFA World Cup,final,not applicable,Argentina,Netherlands,3,1,2,1,0,home team win,1,0,0
1982,1982 FIFA World Cup,group stage,Group 3,Argentina,Belgium,0,1,-1,0,0,away team win,0,1,0
1982,1982 FIFA World Cup,group stage,Group 1,Italy,Poland,0,0,0,0,0,draw,0,0,1
1982,1982 FIFA World Cup,group stage,Group 6,Brazil,Soviet Union,2,1,1,0,0,home team win,1,0,0
1982,1982 FIFA World Cup,group stage,Group 1,Peru,Cameroon,0,0,0,0,0,draw,0,0,1
1982,1982 FIFA World Cup,group stage,Group 3,Hungary,El Salvador,10,1,9,0,0,home team win,1,0,0
1982,1982 FIFA World Cup,group stage,Group 6,Scotland,New Zealand,5,2,3,0,0,home team win,1,0,0
1982,1982 FIFA World Cup,group stage,Group 2,West Germany,Algeria,1,2,-1,0,0,away team win,0,1,0
1982,1982 FIFA World Cup,group stage,Group 4,England,France,3,1,2,0,0,home team win,1,0,0
1982,1982 FIFA World Cup,group stage,Group 5,Spain,Honduras,1,1,0,0,0,draw,0,0,1
1982,1982 FIFA World Cup,group stage,Group 2,Chile,Austria,0,1,-1,0,0,away team win,0,1,0
1982,1982 FIFA World Cup,group stage,Group 4,Czechoslovakia,Kuwait,1,1,0,0,0,draw,0,0,1
1982,1982 FIFA World Cup,group stage,Group 5,Yugoslavia,Northern Ireland,0,0,0,0,0,draw,0,0,1
1982,1982 FIFA World Cup,group stage,Group 1,Italy,Peru,1,1,0,0,0,draw,0,0,1
1982,1982 FIFA World Cup,group stage,Group 3,Argentina,Hungary,4,1,3,0,0,home team win,1,0,0
1982,1982 FIFA World Cup,group stage,Group 6,Brazil,Scotland,4,1,3,0,0,home team win,1,0,0
1982,1982 FIFA World Cup,group stage,Group 1,Poland,Cameroon,0,0,0,0,0,draw,0,0,1
1982,1982 FIFA World Cup,group stage,Group 3,Belgium,El Salvador,1,0,1,0,0,home team win,1,0,0
1982,1982 FIFA World Cup,group stage,Group 6,Soviet Union,New Zealand,3,0,3,0,0,home team win,1,0,0
1982,1982 FIFA World Cup,group stage,Group 2,West Germany,Chile,4,1,3,0,0,home team win,1,0,0
1982,1982 FIFA World Cup,group stage,Group 4,England,Czechoslovakia,2,0,2,0,0,home team win,1,0,0
1982,1982 FIFA World Cup,group stage,Group 5,Spain,Yugoslavia,2,1,1,0,0,home team win,1,0,0
1982,1982 FIFA World Cup,group stage,Group 2,Algeria,Austria,0,2,-2,0,0,away team win,0,1,0
1982,1982 FIFA World Cup,group stage,Group 4,France,Kuwait,4,1,3,0,0,home team win,1,0,0
1982,1982 FIFA World Cup,group stage,Group 5,Honduras,Northern Ireland,1,1,0,0,0,draw,0,0,1
1982,1982 FIFA World Cup,group stage,Group 1,Poland,Peru,5,1,4,0,0,home team win,1,0,0
1982,1982 FIFA World Cup,group stage,Group 3,Belgium,Hungary,1,1,0,0,0,draw,0,0,1
1982,1982 FIFA World Cup,group stage,Group 6,Soviet Union,Scotland,2,2,0,0,0,draw,0,0,1
1982,1982 FIFA World Cup,group stage,Group 1,Italy,Cameroon,1,1,0,0,0,draw,0,0,1
1982,1982 FIFA World Cup,group stage,Group 3,Argentina,El Salvador,2,0,2,0,0,home team win,1,0,0
1982,1982 FIFA World Cup,group stage,Group 6,Brazil,New Zealand,4,0,4,0,0,home team win,1,0,0
1982,1982 FIFA World Cup,group stage,Group 2,Algeria,Chile,3,2,1,0,0,home team win,1,0,0
1982,1982 FIFA World Cup,group stage,Group 4,France,Czechoslovakia,1,1,0,0,0,draw,0,0,1
1982,1982 FIFA World Cup,group stage,Group 5,Honduras,Yugoslavia,0,1,-1,0,0,away team win,0,1,0
1982,1982 FIFA World Cup,group stage,Group 2,West Germany,Austria,1,0,1,0,0,home team win,1,0,0
1982,1982 FIFA World Cup,group stage,Group 4,England,Kuwait,1,0,1,0,0,home team win,1,0,0
1982,1982 FIFA World Cup,group stage,Group 5,Spain,Northern Ireland,0,1,-1,0,0,away team win,0,1,0
1982,1982 FIFA World Cup,second group stage,Group 4,Austria,France,0,1,-1,0,0,away team win,0,1,0
1982,1982 FIFA World Cup,second group stage,Group 1,Poland,Belgium,3,0,3,0,0,home team win,1,0,0
1982,1982 FIFA World Cup,second group stage,Group 3,Italy,Argentina,2,1,1,0,0,home team win,1,0,0
1982,1982 FIFA World Cup,second group stage,Group 2,West Germany,England,0,0,0,0,0,draw,0,0,1
1982,1982 FIFA World Cup,second group stage,Group 4,Austria,Northern Ireland,2,2,0,0,0,draw,0,0,1
1982,1982 FIFA World Cup,second group stage,Group 1,Belgium,Soviet Union,0,1,-1,0,0,away team win,0,1,0
1982,1982 FIFA World Cup,second group stage,Group 3,Argentina,Brazil,1,3,-2,0,0,away team win,0,1,0
1982,1982 FIFA World Cup,second group stage,Group 2,West Germany,Spain,2,1,1,0,0,home team win,1,0,0
1982,1982 FIFA World Cup,second group stage,Group 4,France,Northern Ireland,4,1,3,0,0,home team win,1,0,0
1982,1982 FIFA World Cup,second group stage,Group 1,Soviet Union,Poland,0,0,0,0,0,draw,0,0,1
1982,1982 FIFA World Cup,second group stage,Group 3,Italy,Brazil,3,2,1,0,0,home team win,1,0,0
1982,1982 FIFA World Cup,second group stage,Group 2,Spain,England,0,0,0,0,0,draw,0,0,1
1982,1982 FIFA World Cup,semi-finals,not applicable,Poland,Italy,0,2,-2,0,0,away team win,0,1,0
1982,1982 FIFA World Cup,semi-finals,not applicable,West Germany,France,3,3,0,1,1,home team win,1,0,0
1982,1982 FIFA World Cup,third-place match,not applicable,Poland,France,3,2,1,0,0,home team win,1,0,0
1982,1982 FIFA World Cup,final,not applicable,Italy,West Germany,3,1,2,0,0,home team win,1,0,0
1986,1986 FIFA World Cup,group stage,Group A,Bulgaria,Italy,1,1,0,0,0,draw,0,0,1
1986,1986 FIFA World Cup,group stage,Group D,Spain,Brazil,0,1,-1,0,0,away team win,0,1,0
1986,1986 FIFA World Cup,group stage,Group C,Canada,France,0,1,-1,0,0,away team win,0,1,0
1986,1986 FIFA World Cup,group stage,Group A,Argentina,South Korea,3,1,2,0,0,home team win,1,0,0
1986,1986 FIFA World Cup,group stage,Group C,Soviet Union,Hungary,6,0,6,0,0,home team win,1,0,0
1986,1986 FIFA World Cup,group stage,Group F,Morocco,Poland,0,0,0,0,0,draw,0,0,1
1986,1986 FIFA World Cup,group stage,Group B,Belgium,Mexico,1,2,-1,0,0,away team win,0,1,0
1986,1986 FIFA World Cup,group stage,Group D,Algeria,Northern Ireland,1,1,0,0,0,draw,0,0,1
1986,1986 FIFA World Cup,group stage,Group F,Portugal,England,1,0,1,0,0,home team win,1,0,0
1986,1986 FIFA World Cup,group stage,Group B,Paraguay,Iraq,1,0,1,0,0,home team win,1,0,0
1986,1986 FIFA World Cup,group stage,Group E,Uruguay,West Germany,1,1,0,0,0,draw,0,0,1
1986,1986 FIFA World Cup,group stage,Group E,Scotland,Denmark,0,1,-1,0,0,away team win,0,1,0
1986,1986 FIFA World Cup,group stage,Group A,Italy,Argentina,1,1,0,0,0,draw,0,0,1
1986,1986 FIFA World Cup,group stage,Group C,France,Soviet Union,1,1,0,0,0,draw,0,0,1
1986,1986 FIFA World Cup,group stage,Group A,South Korea,Bulgaria,1,1,0,0,0,draw,0,0,1
1986,1986 FIFA World Cup,group stage,Group C,Hungary,Canada,2,0,2,0,0,home team win,1,0,0
1986,1986 FIFA World Cup,group stage,Group D,Brazil,Algeria,1,0,1,0,0,home team win,1,0,0
1986,1986 FIFA World Cup,group stage,Group F,England,Morocco,0,0,0,0,0,draw,0,0,1
1986,1986 FIFA World Cup,group stage,Group B,Mexico,Paraguay,1,1,0,0,0,draw,0,0,1
1986,1986 FIFA World Cup,group stage,Group D,Northern Ireland,Spain,1,2,-1,0,0,away team win,0,1,0
1986,1986 FIFA World Cup,group stage,Group F,Poland,Portugal,1,0,1,0,0,home team win,1,0,0
1986,1986 FIFA World Cup,group stage,Group B,Iraq,Belgium,1,2,-1,0,0,away team win,0,1,0
1986,1986 FIFA World Cup,group stage,Group E,West Germany,Scotland,2,1,1,0,0,home team win,1,0,0
1986,1986 FIFA World Cup,group stage,Group E,Denmark,Uruguay,6,1,5,0,0,home team win,1,0,0
1986,1986 FIFA World Cup,group stage,Group C,Hungary,France,0,3,-3,0,0,away team win,0,1,0
1986,1986 FIFA World Cup,group stage,Group C,Soviet Union,Canada,2,0,2,0,0,home team win,1,0,0
1986,1986 FIFA World Cup,group stage,Group A,Argentina,Bulgaria,2,0,2,0,0,home team win,1,0,0
1986,1986 FIFA World Cup,group stage,Group A,South Korea,Italy,2,3,-1,0,0,away team win,0,1,0
1986,1986 FIFA World Cup,group stage,Group B,Iraq,Mexico,0,1,-1,0,0,away team win,0,1,0
1986,1986 FIFA World Cup,group stage,Group B,Paraguay,Belgium,2,2,0,0,0,draw,0,0,1
1986,1986 FIFA World Cup,group stage,Group F,England,Poland,3,0,3,0,0,home team win,1,0,0
1986,1986 FIFA World Cup,group stage,Group F,Portugal,Morocco,1,3,-2,0,0,away team win,0,1,0
1986,1986 FIFA World Cup,group stage,Group D,Algeria,Spain,0,3,-3,0,0,away team win,0,1,0
1986,1986 FIFA World Cup,group stage,Group D,Northern Ireland,Brazil,0,3,-3,0,0,away team win,0,1,0
1986,1986 FIFA World Cup,group stage,Group E,Denmark,West Germany,2,0,2,0,0,home team win,1,0,0
1986,1986 FIFA World Cup,group stage,Group E,Scotland,Uruguay,0,0,0,0,0,draw,0,0,1
1986,1986 FIFA World Cup,round of 16,not applicable,Mexico,Bulgaria,2,0,2,0,0,home team win,1,0,0
1986,1986 FIFA World Cup,round of 16,not applicable,Soviet Union,Belgium,3,4,-1,1,0,away team win,0,1,0
1986,1986 FIFA World Cup,round of 16,not applicable,Brazil,Poland,4,0,4,0,0,home team win,1,0,0
1986,1986 FIFA World Cup,round of 16,not applicable,Argentina,Uruguay,1,0,1,0,0,home team win,1,0,0
1986,1986 FIFA World Cup,round of 16,not applicable,Italy,France,0,2,-2,0,0,away team win,0,1,0
1986,1986 FIFA World Cup,round of 16,not applicable,Morocco,West Germany,0,1,-1,0,0,away team win,0,1,0
1986,1986 FIFA World Cup,round of 16,not applicable,England,Paraguay,3,0,3,0,0,home team win,1,0,0
1986,1986 FIFA World Cup,round of 16,not applicable,Denmark,Spain,1,5,-4,0,0,away team win,0,1,0
1986,1986 FIFA World Cup,quarter-finals,not applicable,Brazil,France,1,1,0,1,1,away team win,0,1,0
1986,1986 FIFA World Cup,quarter-finals,not applicable,West Germany,Mexico,0,0,0,1,1,home team win,1,0,0
1986,1986 FIFA World Cup,quarter-finals,not applicable,Argentina,England,2,1,1,0,0,home team win,1,0,0
1986,1986 FIFA World Cup,quarter-finals,not applicable,Spain,Belgium,1,1,0,1,1,away team win,0,1,0
1986,1986 FIFA World Cup,semi-finals,not applicable,France,West Germany,0,2,-2,0,0,away team win,0,1,0
1986,1986 FIFA World Cup,semi-finals,not applicable,Argentina,Belgium,2,0,2,0,0,home team win,1,0,0
1986,1986 FIFA World Cup,third-place match,not applicable,Belgium,France,2,4,-2,1,0,away team win,0,1,0
1986,1986 FIFA World Cup,final,not applicable,Argentina,West Germany,3,2,1,0,0,home team win,1,0,0
1990,1990 FIFA World Cup,group stage,Group B,Argentina,Cameroon,0,1,-1,0,0,away team win,0,1,0
1990,1990 FIFA World Cup,group stage,Group B,Soviet Union,Romania,0,2,-2,0,0,away team win,0,1,0
1990,1990 FIFA World Cup,group stage,Group D,United Arab Emirates,Colombia,0,2,-2,0,0,away team win,0,1,0
1990,1990 FIFA World Cup,group stage,Group A,Italy,Austria,1,0,1,0,0,home team win,1,0,0
1990,1990 FIFA World Cup,group stage,Group A,United States,Czechoslovakia,1,5,-4,0,0,away team win,0,1,0
1990,1990 FIFA World Cup,group stage,Group C,Brazil,Sweden,2,1,1,0,0,home team win,1,0,0
1990,1990 FIFA World Cup,group stage,Group D,West Germany,Yugoslavia,4,1,3,0,0,home team win,1,0,0
1990,1990 FIFA World Cup,group stage,Group C,Costa Rica,Scotland,1,0,1,0,0,home team win,1,0,0
1990,1990 FIFA World Cup,group stage,Group F,England,Republic of Ireland,1,1,0,0,0,draw,0,0,1
1990,1990 FIFA World Cup,group stage,Group E,Belgium,South Korea,2,0,2,0,0,home team win,1,0,0
1990,1990 FIFA World Cup,group stage,Group F,Netherlands,Egypt,1,1,0,0,0,draw,0,0,1
1990,1990 FIFA World Cup,group stage,Group E,Uruguay,Spain,0,0,0,0,0,draw,0,0,1
1990,1990 FIFA World Cup,group stage,Group B,Argentina,Soviet Union,2,0,2,0,0,home team win,1,0,0
1990,1990 FIFA World Cup,group stage,Group B,Cameroon,Romania,2,1,1,0,0,home team win,1,0,0
1990,1990 FIFA World Cup,group stage,Group D,Yugoslavia,Colombia,1,0,1,0,0,home team win,1,0,0
1990,1990 FIFA World Cup,group stage,Group A,Italy,United States,1,0,1,0,0,home team win,1,0,0
1990,1990 FIFA World Cup,group stage,Group A,Austria,Czechoslovakia,0,1,-1,0,0,away team win,0,1,0
1990,1990 FIFA World Cup,group stage,Group D,West Germany,United Arab Emirates,5,1,4,0,0,home team win,1,0,0
1990,1990 FIFA World Cup,group stage,Group C,Brazil,Costa Rica,1,0,1,0,0,home team win,1,0,0
1990,1990 FIFA World Cup,group stage,Group C,Sweden,Scotland,1,2,-1,0,0,away team win,0,1,0
1990,1990 FIFA World Cup,group stage,Group F,England,Netherlands,0,0,0,0,0,draw,0,0,1
1990,1990 FIFA World Cup,group stage,Group F,Republic of Ireland,Egypt,0,0,0,0,0,draw,0,0,1
1990,1990 FIFA World Cup,group stage,Group E,Belgium,Uruguay,3,1,2,0,0,home team win,1,0,0
1990,1990 FIFA World Cup,group stage,Group E,South Korea,Spain,1,3,-2,0,0,away team win,0,1,0
1990,1990 FIFA World Cup,group stage,Group B,Argentina,Romania,1,1,0,0,0,draw,0,0,1
1990,1990 FIFA World Cup,group stage,Group B,Cameroon,Soviet Union,0,4,-4,0,0,away team win,0,1,0
1990,1990 FIFA World Cup,group stage,Group D,West Germany,Colombia,1,1,0,0,0,draw,0,0,1
1990,1990 FIFA World Cup,group stage,Group D,Yugoslavia,United Arab Emirates,4,1,3,0,0,home team win,1,0,0
1990,1990 FIFA World Cup,group stage,Group A,Austria,United States,2,1,1,0,0,home team win,1,0,0
1990,1990 FIFA World Cup,group stage,Group A,Italy,Czechoslovakia,2,0,2,0,0,home team win,1,0,0
1990,1990 FIFA World Cup,group stage,Group C,Brazil,Scotland,1,0,1,0,0,home team win,1,0,0
1990,1990 FIFA World Cup,group stage,Group C,Sweden,Costa Rica,1,2,-1,0,0,away team win,0,1,0
1990,1990 FIFA World Cup,group stage,Group E,Belgium,Spain,1,2,-1,0,0,away team win,0,1,0
1990,1990 FIFA World Cup,group stage,Group E,South Korea,Uruguay,0,1,-1,0,0,away team win,0,1,0
1990,1990 FIFA World Cup,group stage,Group F,England,Egypt,1,0,1,0,0,home team win,1,0,0
1990,1990 FIFA World Cup,group stage,Group F,Republic of Ireland,Netherlands,1,1,0,0,0,draw,0,0,1
1990,1990 FIFA World Cup,round of 16,not applicable,Cameroon,Colombia,2,1,1,1,0,home team win,1,0,0
1990,1990 FIFA World Cup,round of 16,not applicable,Czechoslovakia,Costa Rica,4,1,3,0,0,home team win,1,0,0
1990,1990 FIFA World Cup,round of 16,not applicable,Brazil,Argentina,0,1,-1,0,0,away team win,0,1,0
1990,1990 FIFA World Cup,round of 16,not applicable,West Germany,Netherlands,2,1,1,0,0,home team win,1,0,0
1990,1990 FIFA World Cup,round of 16,not applicable,Republic of Ireland,Romania,0,0,0,1,1,home team win,1,0,0
1990,1990 FIFA World Cup,round of 16,not applicable,Italy,Uruguay,2,0,2,0,0,home team win,1,0,0
1990,1990 FIFA World Cup,round of 16,not applicable,Spain,Yugoslavia,1,2,-1,1,0,away team win,0,1,0
1990,1990 FIFA World Cup,round of 16,not applicable,England,Belgium,1,0,1,1,0,home team win,1,0,0
1990,1990 FIFA World Cup,quarter-finals,not applicable,Argentina,Yugoslavia,0,0,0,1,1,home team win,1,0,0
1990,1990 FIFA World Cup,quarter-finals,not applicable,Republic of Ireland,Italy,0,1,-1,0,0,away team win,0,1,0
1990,1990 FIFA World Cup,quarter-finals,not applicable,Czechoslovakia,West Germany,0,1,-1,0,0,away team win,0,1,0
1990,1990 FIFA World Cup,quarter-finals,not applicable,Cameroon,England,2,3,-1,1,0,away team win,0,1,0
1990,1990 FIFA World Cup,semi-finals,not applicable,Argentina,Italy,1,1,0,1,1,home team win,1,0,0
1990,1990 FIFA World Cup,semi-finals,not applicable,West Germany,England,1,1,0,1,1,home team win,1,0,0
1990,1990 FIFA World Cup,third-place match,not applicable,Italy,England,2,1,1,0,0,home team win,1,0,0
1990,1990 FIFA World Cup,final,not applicable,West Germany,Argentina,1,0,1,0,0,home team win,1,0,0
1994,1994 FIFA World Cup,group stage,Group C,Germany,Bolivia,1,0,1,0,0,home team win,1,0,0
1994,1994 FIFA World Cup,group stage,Group C,Spain,South Korea,2,2,0,0,0,draw,0,0,1
1994,1994 FIFA World Cup,group stage,Group A,United States,Switzerland,1,1,0,0,0,draw,0,0,1
1994,1994 FIFA World Cup,group stage,Group E,Italy,Republic of Ireland,0,1,-1,0,0,away team win,0,1,0
1994,1994 FIFA World Cup,group stage,Group A,Colombia,Romania,1,3,-2,0,0,away team win,0,1,0
1994,1994 FIFA World Cup,group stage,Group F,Belgium,Morocco,1,0,1,0,0,home team win,1,0,0
1994,1994 FIFA World Cup,group stage,Group E,Norway,Mexico,1,0,1,0,0,home team win,1,0,0
1994,1994 FIFA World Cup,group stage,Group B,Cameroon,Sweden,2,2,0,0,0,draw,0,0,1
1994,1994 FIFA World Cup,group stage,Group B,Brazil,Russia,2,0,2,0,0,home team win,1,0,0
1994,1994 FIFA World Cup,group stage,Group F,Netherlands,Saudi Arabia,2,1,1,0,0,home team win,1,0,0
1994,1994 FIFA World Cup,group stage,Group D,Argentina,Greece,4,0,4,0,0,home team win,1,0,0
1994,1994 FIFA World Cup,group stage,Group C,Germany,Spain,1,1,0,0,0,draw,0,0,1
1994,1994 FIFA World Cup,group stage,Group D,Nigeria,Bulgaria,3,0,3,0,0,home team win,1,0,0
1994,1994 FIFA World Cup,group stage,Group A,Romania,Switzerland,1,4,-3,0,0,away team win,0,1,0
1994,1994 FIFA World Cup,group stage,Group A,United States,Colombia,2,1,1,0,0,home team win,1,0,0
1994,1994 FIFA World Cup,group stage,Group E,Italy,Norway,1,0,1,0,0,home team win,1,0,0
1994,1994 FIFA World Cup,group stage,Group C,South Korea,Bolivia,0,0,0,0,0,draw,0,0,1
1994,1994 FIFA World Cup,group stage,Group E,Mexico,Republic of Ireland,2,1,1,0,0,home team win,1,0,0
1994,1994 FIFA World Cup,group stage,Group B,Brazil,Cameroon,3,0,3,0,0,home team win,1,0,0
1994,1994 FIFA World Cup,group stage,Group B,Sweden,Russia,3,1,2,0,0,home team win,1,0,0
1994,1994 FIFA World Cup,group stage,Group F,Belgium,Netherlands,1,0,1,0,0,home team win,1,0,0
1994,1994 FIFA World Cup,group stage,Group F,Saudi Arabia,Morocco,2,1,1,0,0,home team win,1,0,0
1994,1994 FIFA World Cup,group stage,Group D,Argentina,Nigeria,2,1,1,0,0,home team win,1,0,0
1994,1994 FIFA World Cup,group stage,Group D,Bulgaria,Greece,4,0,4,0,0,home team win,1,0,0
1994,1994 FIFA World Cup,group stage,Group A,Switzerland,Colombia,0,2,-2,0,0,away team win,0,1,0
1994,1994 FIFA World Cup,group stage,Group A,United States,Romania,0,1,-1,0,0,away team win,0,1,0
1994,1994 FIFA World Cup,group stage,Group C,Bolivia,Spain,1,3,-2,0,0,away team win,0,1,0
1994,1994 FIFA World Cup,group stage,Group C,Germany,South Korea,3,2,1,0,0,home team win,1,0,0
1994,1994 FIFA World Cup,group stage,Group E,Italy,Mexico,1,1,0,0,0,draw,0,0,1
1994,1994 FIFA World Cup,group stage,Group E,Republic of Ireland,Norway,0,0,0,0,0,draw,0,0,1
1994,1994 FIFA World Cup,group stage,Group B,Russia,Cameroon,6,1,5,0,0,home team win,1,0,0
1994,1994 FIFA World Cup,group stage,Group B,Brazil,Sweden,1,1,0,0,0,draw,0,0,1
1994,1994 FIFA World Cup,group stage,Group F,Belgium,Saudi Arabia,0,1,-1,0,0,away team win,0,1,0
1994,1994 FIFA World Cup,group stage,Group F,Morocco,Netherlands,1,2,-1,0,0,away team win,0,1,0
1994,1994 FIFA World Cup,group stage,Group D,Argentina,Bulgaria,0,2,-2,0,0,away team win,0,1,0
1994,1994 FIFA World Cup,group stage,Group D,Greece,Nigeria,0,2,-2,0,0,away team win,0,1,0
1994,1994 FIFA World Cup,round of 16,not applicable,Germany,Belgium,3,2,1,0,0,home team win,1,0,0
1994,1994 FIFA World Cup,round of 16,not applicable,Spain,Switzerland,3,0,3,0,0,home team win,1,0,0
1994,1994 FIFA World Cup,round of 16,not applicable,Saudi Arabia,Sweden,1,3,-2,0,0,away team win,0,1,0
1994,1994 FIFA World Cup,round of 16,not applicable,Romania,Argentina,3,2,1,0,0,home team win,1,0,0
1994,1994 FIFA World Cup,round of 16,not applicable,Netherlands,Republic of Ireland,2,0,2,0,0,home team win,1,0,0
1994,1994 FIFA World Cup,round of 16,not applicable,Brazil,United States,1,0,1,0,0,home team win,1,0,0
1994,1994 FIFA World Cup,round of 16,not applicable,Nigeria,Italy,1,2,-1,1,0,away team win,0,1,0
1994,1994 FIFA World Cup,round of 16,not applicable,Mexico,Bulgaria,1,1,0,1,1,away team win,0,1,0
1994,1994 FIFA World Cup,quarter-finals,not applicable,Italy,Spain,2,1,1,0,0,home team win,1,0,0
1994,1994 FIFA World Cup,quarter-finals,not applicable,Netherlands,Brazil,2,3,-1,0,0,away team win,0,1,0
1994,1994 FIFA World Cup,quarter-finals,not applicable,Bulgaria,Germany,2,1,1,0,0,home team win,1,0,0
1994,1994 FIFA World Cup,quarter-finals,not applicable,Romania,Sweden,2,2,0,1,1,away team win,0,1,0
1994,1994 FIFA World Cup,semi-finals,not applicable,Bulgaria,Italy,1,2,-1,0,0,away team win,0,1,0
1994,1994 FIFA World Cup,semi-finals,not applicable,Sweden,Brazil,0,1,-1,0,0,away team win,0,1,0
1994,1994 FIFA World Cup,third-place match,not applicable,Sweden,Bulgaria,4,0,4,0,0,home team win,1,0,0
1994,1994 FIFA World Cup,final,not applicable,Brazil,Italy,0,0,0,1,1,home team win,1,0,0
1998,1998 FIFA World Cup,group stage,Group A,Brazil,Scotland,2,1,1,0,0,home team win,1,0,0
1998,1998 FIFA World Cup,group stage,Group A,Morocco,Norway,2,2,0,0,0,draw,0,0,1
1998,1998 FIFA World Cup,group stage,Group B,Italy,Chile,2,2,0,0,0,draw,0,0,1
1998,1998 FIFA World Cup,group stage,Group B,Cameroon,Austria,1,1,0,0,0,draw,0,0,1
1998,1998 FIFA World Cup,group stage,Group D,Paraguay,Bulgaria,0,0,0,0,0,draw,0,0,1
1998,1998 FIFA World Cup,group stage,Group C,Saudi Arabia,Denmark,0,1,-1,0,0,away team win,0,1,0
1998,1998 FIFA World Cup,group stage,Group C,France,South Africa,3,0,3,0,0,home team win,1,0,0
1998,1998 FIFA World Cup,group stage,Group D,Spain,Nigeria,2,3,-1,0,0,away team win,0,1,0
1998,1998 FIFA World Cup,group stage,Group E,South Korea,Mexico,1,3,-2,0,0,away team win,0,1,0
1998,1998 FIFA World Cup,group stage,Group E,Netherlands,Belgium,0,0,0,0,0,draw,0,0,1
1998,1998 FIFA World Cup,group stage,Group H,Argentina,Japan,1,0,1,0,0,home team win,1,0,0
1998,1998 FIFA World Cup,group stage,Group F,Yugoslavia,Iran,1,0,1,0,0,home team win,1,0,0
1998,1998 FIFA World Cup,group stage,Group H,Jamaica,Croatia,1,3,-2,0,0,away team win,0,1,0
1998,1998 FIFA World Cup,group stage,Group G,England,Tunisia,2,0,2,0,0,home team win,1,0,0
1998,1998 FIFA World Cup,group stage,Group G,Romania,Colombia,1,0,1,0,0,home team win,1,0,0
1998,1998 FIFA World Cup,group stage,Group F,Germany,United States,2,0,2,0,0,home team win,1,0,0
1998,1998 FIFA World Cup,group stage,Group A,Scotland,Norway,1,1,0,0,0,draw,0,0,1
1998,1998 FIFA World Cup,group stage,Group A,Brazil,Morocco,3,0,3,0,0,home team win,1,0,0
1998,1998 FIFA World Cup,group stage,Group B,Chile,Austria,1,1,0,0,0,draw,0,0,1
1998,1998 FIFA World Cup,group stage,Group B,Italy,Cameroon,3,0,3,0,0,home team win,1,0,0
1998,1998 FIFA World Cup,group stage,Group C,South Africa,Denmark,1,1,0,0,0,draw,0,0,1
1998,1998 FIFA World Cup,group stage,Group C,France,Saudi Arabia,4,0,4,0,0,home team win,1,0,0
1998,1998 FIFA World Cup,group stage,Group D,Nigeria,Bulgaria,1,0,1,0,0,home team win,1,0,0
1998,1998 FIFA World Cup,group stage,Group D,Spain,Paraguay,0,0,0,0,0,draw,0,0,1
1998,1998 FIFA World Cup,group stage,Group H,Japan,Croatia,0,1,-1,0,0,away team win,0,1,0
1998,1998 FIFA World Cup,group stage,Group E,Belgium,Mexico,2,2,0,0,0,draw,0,0,1
1998,1998 FIFA World Cup,group stage,Group E,Netherlands,South Korea,5,0,5,0,0,home team win,1,0,0
1998,1998 FIFA World Cup,group stage,Group F,Germany,Yugoslavia,2,2,0,0,0,draw,0,0,1
1998,1998 FIFA World Cup,group stage,Group H,Argentina,Jamaica,5,0,5,0,0,home team win,1,0,0
1998,1998 FIFA World Cup,group stage,Group F,United States,Iran,1,2,-1,0,0,away team win,0,1,0
1998,1998 FIFA World Cup,group stage,Group G,Colombia,Tunisia,1,0,1,0,0,home team win,1,0,0
1998,1998 FIFA World Cup,group stage,Group G,Romania,England,2,1,1,0,0,home team win,1,0,0
1998,1998 FIFA World Cup,group stage,Group B,Chile,Cameroon,1,1,0,0,0,draw,0,0,1
1998,1998 FIFA World Cup,group stage,Group B,Italy,Austria,2,1,1,0,0,home team win,1,0,0
1998,1998 FIFA World Cup,group stage,Group A,Brazil,Norway,1,2,-1,0,0,away team win,0,1,0
1998,1998 FIFA World Cup,group stage,Group A,Scotland,Morocco,0,3,-3,0,0,away team win,0,1,0
1998,1998 FIFA World Cup,group stage,Group C,France,Denmark,2,1,1,0,0,home team win,1,0,0
1998,1998 FIFA World Cup,group stage,Group C,South Africa,Saudi Arabia,2,2,0,0,0,draw,0,0,1
1998,1998 FIFA World Cup,group stage,Group D,Nigeria,Paraguay,1,3,-2,0,0,away team win,0,1,0
1998,1998 FIFA World Cup,group stage,Group D,Spain,Bulgaria,6,1,5,0,0,home team win,1,0,0
1998,1998 FIFA World Cup,group stage,Group E,Belgium,South Korea,1,1,0,0,0,draw,0,0,1
1998,1998 FIFA World Cup,group stage,Group E,Netherlands,Mexico,2,2,0,0,0,draw,0,0,1
1998,1998 FIFA World Cup,group stage,Group F,Germany,Iran,2,0,2,0,0,home team win,1,0,0
1998,1998 FIFA World Cup,group stage,Group F,United States,Yugoslavia,0,1,-1,0,0,away team win,0,1,0
1998,1998 FIFA World Cup,group stage,Group H,Argentina,Croatia,1,0,1,0,0,home team win,1,0,0
1998,1998 FIFA World Cup,group stage,Group H,Japan,Jamaica,1,2,-1,0,0,away team win,0,1,0
1998,1998 FIFA World Cup,group stage,Group G,Colombia,England,0,2,-2,0,0,away team win,0,1,0
1998,1998 FIFA World Cup,group stage,Group G,Romania,Tunisia,1,1,0,0,0,draw,0,0,1
1998,1998 FIFA World Cup,round of 16,not applicable,Italy,Norway,1,0,1,0,0,home team win,1,0,0
1998,1998 FIFA World Cup,round of 16,not applicable,Brazil,Chile,4,1,3,0,0,home team win,1,0,0
1998,1998 FIFA World Cup,round of 16,not applicable,France,Paraguay,1,0,1,1,0,home team win,1,0,0
1998,1998 FIFA World Cup,round of 16,not applicable,Nigeria,Denmark,1,4,-3,0,0,away team win,0,1,0
1998,1998 FIFA World Cup,round of 16,not applicable,Germany,Mexico,2,1,1,0,0,home team win,1,0,0
1998,1998 FIFA World Cup,round of 16,not applicable,Netherlands,Yugoslavia,2,1,1,0,0,home team win,1,0,0
1998,1998 FIFA World Cup,round of 16,not applicable,Romania,Croatia,0,1,-1,0,0,away team win,0,1,0
1998,1998 FIFA World Cup,round of 16,not applicable,Argentina,England,2,2,0,1,1,home team win,1,0,0
1998,1998 FIFA World Cup,quarter-finals,not applicable,Italy,France,0,0,0,1,1,away team win,0,1,0
1998,1998 FIFA World Cup,quarter-finals,not applicable,Brazil,Denmark,3,2,1,0,0,home team win,1,0,0
1998,1998 FIFA World Cup,quarter-finals,not applicable,Netherlands,Argentina,2,1,1,0,0,home team win,1,0,0
1998,1998 FIFA World Cup,quarter-finals,not applicable,Germany,Croatia,0,3,-3,0,0,away team win,0,1,0
1998,1998 FIFA World Cup,semi-finals,not applicable,Brazil,Netherlands,1,1,0,1,1,home team win,1,0,0
1998,1998 FIFA World Cup,semi-finals,not applicable,France,Croatia,2,1,1,0,0,home team win,1,0,0
1998,1998 FIFA World Cup,third-place match,not applicable,Netherlands,Croatia,1,2,-1,0,0,away team win,0,1,0
1998,1998 FIFA World Cup,final,not applicable,Brazil,France,0,3,-3,0,0,away team win,0,1,0
2002,2002 FIFA World Cup,group stage,Group A,France,Senegal,0,1,-1,0,0,away team win,0,1,0
2002,2002 FIFA World Cup,group stage,Group E,Republic of Ireland,Cameroon,1,1,0,0,0,draw,0,0,1
2002,2002 FIFA World Cup,group stage,Group A,Uruguay,Denmark,1,2,-1,0,0,away team win,0,1,0
2002,2002 FIFA World Cup,group stage,Group E,Germany,Saudi Arabia,8,0,8,0,0,home team win,1,0,0
2002,2002 FIFA World Cup,group stage,Group F,Argentina,Nigeria,1,0,1,0,0,home team win,1,0,0
2002,2002 FIFA World Cup,group stage,Group B,Paraguay,South Africa,2,2,0,0,0,draw,0,0,1
2002,2002 FIFA World Cup,group stage,Group F,England,Sweden,1,1,0,0,0,draw,0,0,1
2002,2002 FIFA World Cup,group stage,Group B,Spain,Slovenia,3,1,2,0,0,home team win,1,0,0
2002,2002 FIFA World Cup,group stage,Group G,Croatia,Mexico,0,1,-1,0,0,away team win,0,1,0
2002,2002 FIFA World Cup,group stage,Group C,Brazil,Turkey,2,1,1,0,0,home team win,1,0,0
2002,2002 FIFA World Cup,group stage,Group G,Italy,Ecuador,2,0,2,0,0,home team win,1,0,0
2002,2002 FIFA World Cup,group stage,Group C,China,Costa Rica,0,2,-2,0,0,away team win,0,1,0
2002,2002 FIFA World Cup,group stage,Group H,Japan,Belgium,2,2,0,0,0,draw,0,0,1
2002,2002 FIFA World Cup,group stage,Group D,South Korea,Poland,2,0,2,0,0,home team win,1,0,0
2002,2002 FIFA World Cup,group stage,Group H,Russia,Tunisia,2,0,2,0,0,home team win,1,0,0
2002,2002 FIFA World Cup,group stage,Group D,United States,Portugal,3,2,1,0,0,home team win,1,0,0
2002,2002 FIFA World Cup,group stage,Group E,Germany,Republic of Ireland,1,1,0,0,0,draw,0,0,1
2002,2002 FIFA World Cup,group stage,Group A,Denmark,Senegal,1,1,0,0,0,draw,0,0,1
2002,2002 FIFA World Cup,group stage,Group E,Cameroon,Saudi Arabia,1,0,1,0,0,home team win,1,0,0
2002,2002 FIFA World Cup,group stage,Group A,France,Uruguay,0,0,0,0,0,draw,0,0,1
2002,2002 FIFA World Cup,group stage,Group F,Sweden,Nigeria,2,1,1,0,0,home team win,1,0,0
2002,2002 FIFA World Cup,group stage,Group B,Spain,Paraguay,3,1,2,0,0,home team win,1,0,0
2002,2002 FIFA World Cup,group stage,Group F,Argentina,England,0,1,-1,0,0,away team win,0,1,0
2002,2002 FIFA World Cup,group stage,Group B,South Africa,Slovenia,1,0,1,0,0,home team win,1,0,0
2002,2002 FIFA World Cup,group stage,Group G,Italy,Croatia,1,2,-1,0,0,away team win,0,1,0
2002,2002 FIFA World Cup,group stage,Group C,Brazil,China,4,0,4,0,0,home team win,1,0,0
2002,2002 FIFA World Cup,group stage,Group G,Mexico,Ecuador,2,1,1,0,0,home team win,1,0,0
2002,2002 FIFA World Cup,group stage,Group C,Costa Rica,Turkey,1,1,0,0,0,draw,0,0,1
2002,2002 FIFA World Cup,group stage,Group H,Japan,Russia,1,0,1,0,0,home team win,1,0,0
2002,2002 FIFA World Cup,group stage,Group D,South Korea,United States,1,1,0,0,0,draw,0,0,1
2002,2002 FIFA World Cup,group stage,Group H,Tunisia,Belgium,1,1,0,0,0,draw,0,0,1
2002,2002 FIFA World Cup,group stage,Group D,Portugal,Poland,4,0,4,0,0,home team win,1,0,0
2002,2002 FIFA World Cup,group stage,Group A,Denmark,France,2,0,2,0,0,home team win,1,0,0
2002,2002 FIFA World Cup,group stage,Group A,Senegal,Uruguay,3,3,0,0,0,draw,0,0,1
2002,2002 FIFA World Cup,group stage,Group E,Cameroon,Germany,0,2,-2,0,0,away team win,0,1,0
2002,2002 FIFA World Cup,group stage,Group E,Saudi Arabia,Republic of Ireland,0,3,-3,0,0,away team win,0,1,0
2002,2002 FIFA World Cup,group stage,Group F,Nigeria,England,0,0,0,0,0,draw,0,0,1
2002,2002 FIFA World Cup,group stage,Group F,Sweden,Argentina,1,1,0,0,0,draw,0,0,1
2002,2002 FIFA World Cup,group stage,Group B,Slovenia,Paraguay,1,3,-2,0,0,away team win,0,1,0
2002,2002 FIFA World Cup,group stage,Group B,South Africa,Spain,2,3,-1,0,0,away team win,0,1,0
2002,2002 FIFA World Cup,group stage,Group C,Costa Rica,Brazil,2,5,-3,0,0,away team win,0,1,0
2002,2002 FIFA World Cup,group stage,Group C,Turkey,China,3,0,3,0,0,home team win,1,0,0
2002,2002 FIFA World Cup,group stage,Group G,Ecuador,Croatia,1,0,1,0,0,home team win,1,0,0
2002,2002 FIFA World Cup,group stage,Group G,Mexico,Italy,1,1,0,0,0,draw,0,0,1
2002,2002 FIFA World Cup,group stage,Group H,Belgium,Russia,3,2,1,0,0,home team win,1,0,0
2002,2002 FIFA World Cup,group stage,Group H,Tunisia,Japan,0,2,-2,0,0,away team win,0,1,0
2002,2002 FIFA World Cup,group stage,Group D,Poland,United States,3,1,2,0,0,home team win,1,0,0
2002,2002 FIFA World Cup,group stage,Group D,Portugal,South Korea,0,1,-1,0,0,away team win,0,1,0
2002,2002 FIFA World Cup,round of 16,not applicable,Germany,Paraguay,1,0,1,0,0,home team win,1,0,0
2002,2002 FIFA World Cup,round of 16,not applicable,Denmark,England,0,3,-3,0,0,away team win,0,1,0
2002,2002 FIFA World Cup,round of 16,not applicable,Sweden,Senegal,1,2,-1,1,0,away team win,0,1,0
2002,2002 FIFA World Cup,round of 16,not applicable,Spain,Republic of Ireland,1,1,0,1,1,home team win,1,0,0
2002,2002 FIFA World Cup,round of 16,not applicable,Mexico,United States,0,2,-2,0,0,away team win,0,1,0
2002,2002 FIFA World Cup,round of 16,not applicable,Brazil,Belgium,2,0,2,0,0,home team win,1,0,0
2002,2002 FIFA World Cup,round of 16,not applicable,Japan,Turkey,0,1,-1,0,0,away team win,0,1,0
2002,2002 FIFA World Cup,round of 16,not applicable,South Korea,Italy,2,1,1,1,0,home team win,1,0,0
2002,2002 FIFA World Cup,quarter-finals,not applicable,England,Brazil,1,2,-1,0,0,away team win,0,1,0
2002,2002 FIFA World Cup,quarter-finals,not applicable,Germany,United States,1,0,1,0,0,home team win,1,0,0
2002,2002 FIFA World Cup,quarter-finals,not applicable,Spain,South Korea,0,0,0,1,1,away team win,0,1,0
2002,2002 FIFA World Cup,quarter-finals,not applicable,Senegal,Turkey,0,1,-1,1,0,away team win,0,1,0
2002,2002 FIFA World Cup,semi-finals,not applicable,Germany,South Korea,1,0,1,0,0,home team win,1,0,0
2002,2002 FIFA World Cup,semi-finals,not applicable,Brazil,Turkey,1,0,1,0,0,home team win,1,0,0
2002,2002 FIFA World Cup,third-place match,not applicable,South Korea,Turkey,2,3,-1,0,0,away team win,0,1,0
2002,2002 FIFA World Cup,final,not applicable,Germany,Brazil,0,2,-2,0,0,away team win,0,1,0
2006,2006 FIFA World Cup,group stage,Group A,Germany,Costa Rica,4,2,2,0,0,home team win,1,0,0
2006,2006 FIFA World Cup,group stage,Group A,Poland,Ecuador,0,2,-2,0,0,away team win,0,1,0
2006,2006 FIFA World Cup,group stage,Group B,England,Paraguay,1,0,1,0,0,home team win,1,0,0
2006,2006 FIFA World Cup,group stage,Group B,Trinidad and Tobago,Sweden,0,0,0,0,0,draw,0,0,1
2006,2006 FIFA World Cup,group stage,Group C,Argentina,Ivory Coast,2,1,1,0,0,home team win,1,0,0
2006,2006 FIFA World Cup,group stage,Group C,Serbia and Montenegro,Netherlands,0,1,-1,0,0,away team win,0,1,0
2006,2006 FIFA World Cup,group stage,Group D,Mexico,Iran,3,1,2,0,0,home team win,1,0,0
2006,2006 FIFA World Cup,group stage,Group D,Angola,Portugal,0,1,-1,0,0,away team win,0,1,0
2006,2006 FIFA World Cup,group stage,Group F,Australia,Japan,3,1,2,0,0,home team win,1,0,0
2006,2006 FIFA World Cup,group stage,Group E,United States,Czech Republic,0,3,-3,0,0,away team win,0,1,0
2006,2006 FIFA World Cup,group stage,Group E,Italy,Ghana,2,0,2,0,0,home team win,1,0,0
2006,2006 FIFA World Cup,group stage,Group G,South Korea,Togo,2,1,1,0,0,home team win,1,0,0
2006,2006 FIFA World Cup,group stage,Group G,France,Switzerland,0,0,0,0,0,draw,0,0,1
2006,2006 FIFA World Cup,group stage,Group F,Brazil,Croatia,1,0,1,0,0,home team win,1,0,0
2006,2006 FIFA World Cup,group stage,Group H,Spain,Ukraine,4,0,4,0,0,home team win,1,0,0
2006,2006 FIFA World Cup,group stage,Group H,Tunisia,Saudi Arabia,2,2,0,0,0,draw,0,0,1
2006,2006 FIFA World Cup,group stage,Group A,Germany,Poland,1,0,1,0,0,home team win,1,0,0
2006,2006 FIFA World Cup,group stage,Group A,Ecuador,Costa Rica,3,0,3,0,0,home team win,1,0,0
2006,2006 FIFA World Cup,group stage,Group B,England,Trinidad and Tobago,2,0,2,0,0,home team win,1,0,0
2006,2006 FIFA World Cup,group stage,Group B,Sweden,Paraguay,1,0,1,0,0,home team win,1,0,0
2006,2006 FIFA World Cup,group stage,Group C,Argentina,Serbia and Montenegro,6,0,6,0,0,home team win,1,0,0
2006,2006 FIFA World Cup,group stage,Group C,Netherlands,Ivory Coast,2,1,1,0,0,home team win,1,0,0
2006,2006 FIFA World Cup,group stage,Group D,Mexico,Angola,0,0,0,0,0,draw,0,0,1
2006,2006 FIFA World Cup,group stage,Group D,Portugal,Iran,2,0,2,0,0,home team win,1,0,0
2006,2006 FIFA World Cup,group stage,Group E,Czech Republic,Ghana,0,2,-2,0,0,away team win,0,1,0
2006,2006 FIFA World Cup,group stage,Group E,Italy,United States,1,1,0,0,0,draw,0,0,1
2006,2006 FIFA World Cup,group stage,Group F,Japan,Croatia,0,0,0,0,0,draw,0,0,1
2006,2006 FIFA World Cup,group stage,Group F,Brazil,Australia,2,0,2,0,0,home team win,1,0,0
2006,2006 FIFA World Cup,group stage,Group G,France,South Korea,1,1,0,0,0,draw,0,0,1
2006,2006 FIFA World Cup,group stage,Group G,Togo,Switzerland,0,2,-2,0,0,away team win,0,1,0
2006,2006 FIFA World Cup,group stage,Group H,Saudi Arabia,Ukraine,0,4,-4,0,0,away team win,0,1,0
2006,2006 FIFA World Cup,group stage,Group H,Spain,Tunisia,3,1,2,0,0,home team win,1,0,0
2006,2006 FIFA World Cup,group stage,Group A,Costa Rica,Poland,1,2,-1,0,0,away team win,0,1,0
2006,2006 FIFA World Cup,group stage,Group A,Ecuador,Germany,0,3,-3,0,0,away team win,0,1,0
2006,2006 FIFA World Cup,group stage,Group B,Paraguay,Trinidad and Tobago,2,0,2,0,0,home team win,1,0,0
2006,2006 FIFA World Cup,group stage,Group B,Sweden,England,2,2,0,0,0,draw,0,0,1
2006,2006 FIFA World Cup,group stage,Group D,Iran,Angola,1,1,0,0,0,draw,0,0,1
2006,2006 FIFA World Cup,group stage,Group D,Portugal,Mexico,2,1,1,0,0,home team win,1,0,0
2006,2006 FIFA World Cup,group stage,Group C,Ivory Coast,Serbia and Montenegro,3,2,1,0,0,home team win,1,0,0
2006,2006 FIFA World Cup,group stage,Group C,Netherlands,Argentina,0,0,0,0,0,draw,0,0,1
2006,2006 FIFA World Cup,group stage,Group E,Czech Republic,Italy,0,2,-2,0,0,away team win,0,1,0
2006,2006 FIFA World Cup,group stage,Group E,Ghana,United States,2,1,1,0,0,home team win,1,0,0
2006,2006 FIFA World Cup,group stage,Group F,Croatia,Australia,2,2,0,0,0,draw,0,0,1
2006,2006 FIFA World Cup,group stage,Group F,Japan,Brazil,1,4,-3,0,0,away team win,0,1,0
2006,2006 FIFA World Cup,group stage,Group H,Saudi Arabia,Spain,0,1,-1,0,0,away team win,0,1,0
2006,2006 FIFA World Cup,group stage,Group H,Ukraine,Tunisia,1,0,1,0,0,home team win,1,0,0
2006,2006 FIFA World Cup,group stage,Group G,Switzerland,South Korea,2,0,2,0,0,home team win,1,0,0
2006,2006 FIFA World Cup,group stage,Group G,Togo,France,0,2,-2,0,0,away team win,0,1,0
2006,2006 FIFA World Cup,round of 16,not applicable,Germany,Sweden,2,0,2,0,0,home team win,1,0,0
2006,2006 FIFA World Cup,round of 16,not applicable,Argentina,Mexico,2,1,1,1,0,home team win,1,0,0
2006,2006 FIFA World Cup,round of 16,not applicable,England,Ecuador,1,0,1,0,0,home team win,1,0,0
2006,2006 FIFA World Cup,round of 16,not applicable,Portugal,Netherlands,1,0,1,0,0,home team win,1,0,0
2006,2006 FIFA World Cup,round of 16,not applicable,Italy,Australia,1,0,1,0,0,home team win,1,0,0
2006,2006 FIFA World Cup,round of 16,not applicable,Switzerland,Ukraine,0,0,0,1,1,away team win,0,1,0
2006,2006 FIFA World Cup,round of 16,not applicable,Brazil,Ghana,3,0,3,0,0,home team win,1,0,0
2006,2006 FIFA World Cup,round of 16,not applicable,Spain,France,1,3,-2,0,0,away team win,0,1,0
2006,2006 FIFA World Cup,quarter-finals,not applicable,Germany,Argentina,1,1,0,1,1,home team win,1,0,0
2006,2006 FIFA World Cup,quarter-finals,not applicable,Italy,Ukraine,3,0,3,0,0,home team win,1,0,0
2006,2006 FIFA World Cup,quarter-finals,not applicable,England,Portugal,0,0,0,1,1,away team win,0,1,0
2006,2006 FIFA World Cup,quarter-finals,not applicable,Brazil,France,0,1,-1,0,0,away team win,0,1,0
2006,2006 FIFA World Cup,semi-finals,not applicable,Germany,Italy,0,2,-2,1,0,away team win,0,1,0
2006,2006 FIFA World Cup,semi-finals,not applicable,Portugal,France,0,1,-1,0,0,away team win,0,1,0
2006,2006 FIFA World Cup,third-place match,not applicable,Germany,Portugal,3,1,2,0,0,home team win,1,0,0
2006,2006 FIFA World Cup,final,not applicable,Italy,France,1,1,0,1,1,home team win,1,0,0
2010,2010 FIFA World Cup,group stage,Group A,South Africa,Mexico,1,1,0,0,0,draw,0,0,1
2010,2010 FIFA World Cup,group stage,Group A,Uruguay,France,0,0,0,0,0,draw,0,0,1
2010,2010 FIFA World Cup,group stage,Group B,South Korea,Greece,2,0,2,0,0,home team win,1,0,0
2010,2010 FIFA World Cup,group stage,Group B,Argentina,Nigeria,1,0,1,0,0,home team win,1,0,0
2010,2010 FIFA World Cup,group stage,Group C,England,United States,1,1,0,0,0,draw,0,0,1
2010,2010 FIFA World Cup,group stage,Group C,Algeria,Slovenia,0,1,-1,0,0,away team win,0,1,0
2010,2010 FIFA World Cup,group stage,Group D,Serbia,Ghana,0,1,-1,0,0,away team win,0,1,0
2010,2010 FIFA World Cup,group stage,Group D,Germany,Australia,4,0,4,0,0,home team win,1,0,0
2010,2010 FIFA World Cup,group stage,Group E,Netherlands,Denmark,2,0,2,0,0,home team win,1,0,0
2010,2010 FIFA World Cup,group stage,Group E,Japan,Cameroon,1,0,1,0,0,home team win,1,0,0
2010,2010 FIFA World Cup,group stage,Group F,Italy,Paraguay,1,1,0,0,0,draw,0,0,1
2010,2010 FIFA World Cup,group stage,Group F,New Zealand,Slovakia,1,1,0,0,0,draw,0,0,1
2010,2010 FIFA World Cup,group stage,Group G,Ivory Coast,Portugal,0,0,0,0,0,draw,0,0,1
2010,2010 FIFA World Cup,group stage,Group G,Brazil,North Korea,2,1,1,0,0,home team win,1,0,0
2010,2010 FIFA World Cup,group stage,Group H,Honduras,Chile,0,1,-1,0,0,away team win,0,1,0
2010,2010 FIFA World Cup,group stage,Group H,Spain,Switzerland,0,1,-1,0,0,away team win,0,1,0
2010,2010 FIFA World Cup,group stage,Group A,South Africa,Uruguay,0,3,-3,0,0,away team win,0,1,0
2010,2010 FIFA World Cup,group stage,Group B,Argentina,South Korea,4,1,3,0,0,home team win,1,0,0
2010,2010 FIFA World Cup,group stage,Group B,Greece,Nigeria,2,1,1,0,0,home team win,1,0,0
2010,2010 FIFA World Cup,group stage,Group A,France,Mexico,0,2,-2,0,0,away team win,0,1,0
2010,2010 FIFA World Cup,group stage,Group D,Germany,Serbia,0,1,-1,0,0,away team win,0,1,0
2010,2010 FIFA World Cup,group stage,Group C,Slovenia,United States,2,2,0,0,0,draw,0,0,1
2010,2010 FIFA World Cup,group stage,Group C,England,Algeria,0,0,0,0,0,draw,0,0,1
2010,2010 FIFA World Cup,group stage,Group E,Netherlands,Japan,1,0,1,0,0,home team win,1,0,0
2010,2010 FIFA World Cup,group stage,Group D,Ghana,Australia,1,1,0,0,0,draw,0,0,1
2010,2010 FIFA World Cup,group stage,Group E,Cameroon,Denmark,1,2,-1,0,0,away team win,0,1,0
2010,2010 FIFA World Cup,group stage,Group F,Slovakia,Paraguay,0,2,-2,0,0,away team win,0,1,0
2010,2010 FIFA World Cup,group stage,Group F,Italy,New Zealand,1,1,0,0,0,draw,0,0,1
2010,2010 FIFA World Cup,group stage,Group G,Brazil,Ivory Coast,3,1,2,0,0,home team win,1,0,0
2010,2010 FIFA World Cup,group stage,Group G,Portugal,North Korea,7,0,7,0,0,home team win,1,0,0
2010,2010 FIFA World Cup,group stage,Group H,Chile,Switzerland,1,0,1,0,0,home team win,1,0,0
2010,2010 FIFA World Cup,group stage,Group H,Spain,Honduras,2,0,2,0,0,home team win,1,0,0
2010,2010 FIFA World Cup,group stage,Group A,France,South Africa,1,2,-1,0,0,away team win,0,1,0
2010,2010 FIFA World Cup,group stage,Group A,Mexico,Uruguay,0,1,-1,0,0,away team win,0,1,0
2010,2010 FIFA World Cup,group stage,Group B,Greece,Argentina,0,2,-2,0,0,away team win,0,1,0
2010,2010 FIFA World Cup,group stage,Group B,Nigeria,South Korea,2,2,0,0,0,draw,0,0,1
2010,2010 FIFA World Cup,group stage,Group C,Slovenia,England,0,1,-1,0,0,away team win,0,1,0
2010,2010 FIFA World Cup,group stage,Group C,United States,Algeria,1,0,1,0,0,home team win,1,0,0
2010,2010 FIFA World Cup,group stage,Group D,Australia,Serbia,2,1,1,0,0,home team win,1,0,0
2010,2010 FIFA World Cup,group stage,Group D,Ghana,Germany,0,1,-1,0,0,away team win,0,1,0
2010,2010 FIFA World Cup,group stage,Group F,Paraguay,New Zealand,0,0,0,0,0,draw,0,0,1
2010,2010 FIFA World Cup,group stage,Group F,Slovakia,Italy,3,2,1,0,0,home team win,1,0,0
2010,2010 FIFA World Cup,group stage,Group E,Cameroon,Netherlands,1,2,-1,0,0,away team win,0,1,0
2010,2010 FIFA World Cup,group stage,Group E,Denmark,Japan,1,3,-2,0,0,away team win,0,1,0
2010,2010 FIFA World Cup,group stage,Group G,North Korea,Ivory Coast,0,3,-3,0,0,away team win,0,1,0
2010,2010 FIFA World Cup,group stage,Group G,Portugal,Brazil,0,0,0,0,0,draw,0,0,1
2010,2010 FIFA World Cup,group stage,Group H,Chile,Spain,1,2,-1,0,0,away team win,0,1,0
2010,2010 FIFA World Cup,group stage,Group H,Switzerland,Honduras,0,0,0,0,0,draw,0,0,1
2010,2010 FIFA World Cup,round of 16,not applicable,Uruguay,South Korea,2,1,1,0,0,home team win,1,0,0
2010,2010 FIFA World Cup,round of 16,not applicable,United States,Ghana,1,2,-1,1,0,away team win,0,1,0
2010,2010 FIFA World Cup,round of 16,not applicable,Germany,England,4,1,3,0,0,home team win,1,0,0
2010,2010 FIFA World Cup,round of 16,not applicable,Argentina,Mexico,3,1,2,0,0,home team win,1,0,0
2010,2010 FIFA World Cup,round of 16,not applicable,Netherlands,Slovakia,2,1,1,0,0,home team win,1,0,0
2010,2010 FIFA World Cup,round of 16,not applicable,Brazil,Chile,3,0,3,0,0,home team win,1,0,0
2010,2010 FIFA World Cup,round of 16,not applicable,Paraguay,Japan,0,0,0,1,1,home team win,1,0,0
2010,2010 FIFA World Cup,round of 16,not applicable,Spain,Portugal,1,0,1,0,0,home team win,1,0,0
2010,2010 FIFA World Cup,quarter-finals,not applicable,Netherlands,Brazil,2,1,1,0,0,home team win,1,0,0
2010,2010 FIFA World Cup,quarter-finals,not applicable,Uruguay,Ghana,1,1,0,1,1,home team win,1,0,0
2010,2010 FIFA World Cup,quarter-finals,not applicable,Argentina,Germany,0,4,-4,0,0,away team win,0,1,0
2010,2010 FIFA World Cup,quarter-finals,not applicable,Paraguay,Spain,0,1,-1,0,0,away team win,0,1,0
2010,2010 FIFA World Cup,semi-finals,not applicable,Uruguay,Netherlands,2,3,-1,0,0,away team win,0,1,0
2010,2010 FIFA World Cup,semi-finals,not applicable,Germany,Spain,0,1,-1,0,0,away team win,0,1,0
2010,2010 FIFA World Cup,third-place match,not applicable,Uruguay,Germany,2,3,-1,0,0,away team win,0,1,0
2010,2010 FIFA World Cup,final,not applicable,Netherlands,Spain,0,1,-1,1,0,away team win,0,1,0
2014,2014 FIFA World Cup,group stage,Group A,Brazil,Croatia,3,1,2,0,0,home team win,1,0,0
2014,2014 FIFA World Cup,group stage,Group A,Mexico,Cameroon,1,0,1,0,0,home team win,1,0,0
2014,2014 FIFA World Cup,group stage,Group B,Spain,Netherlands,1,5,-4,0,0,away team win,0,1,0
2014,2014 FIFA World Cup,group stage,Group B,Chile,Australia,3,1,2,0,0,home team win,1,0,0
2014,2014 FIFA World Cup,group stage,Group C,Colombia,Greece,3,0,3,0,0,home team win,1,0,0
2014,2014 FIFA World Cup,group stage,Group D,Uruguay,Costa Rica,1,3,-2,0,0,away team win,0,1,0
2014,2014 FIFA World Cup,group stage,Group D,England,Italy,1,2,-1,0,0,away team win,0,1,0
2014,2014 FIFA World Cup,group stage,Group C,Ivory Coast,Japan,2,1,1,0,0,home team win,1,0,0
2014,2014 FIFA World Cup,group stage,Group E,Switzerland,Ecuador,2,1,1,0,0,home team win,1,0,0
2014,2014 FIFA World Cup,group stage,Group E,France,Honduras,3,0,3,0,0,home team win,1,0,0
2014,2014 FIFA World Cup,group stage,Group F,Argentina,Bosnia and Herzegovina,2,1,1,0,0,home team win,1,0,0
2014,2014 FIFA World Cup,group stage,Group G,Germany,Portugal,4,0,4,0,0,home team win,1,0,0
2014,2014 FIFA World Cup,group stage,Group F,Iran,Nigeria,0,0,0,0,0,draw,0,0,1
2014,2014 FIFA World Cup,group stage,Group G,Ghana,United States,1,2,-1,0,0,away team win,0,1,0
2014,2014 FIFA World Cup,group stage,Group H,Belgium,Algeria,2,1,1,0,0,home team win,1,0,0
2014,2014 FIFA World Cup,group stage,Group A,Brazil,Mexico,0,0,0,0,0,draw,0,0,1
2014,2014 FIFA World Cup,group stage,Group H,Russia,South Korea,1,1,0,0,0,draw,0,0,1
2014,2014 FIFA World Cup,group stage,Group B,Australia,Netherlands,2,3,-1,0,0,away team win,0,1,0
2014,2014 FIFA World Cup,group stage,Group B,Spain,Chile,0,2,-2,0,0,away team win,0,1,0
2014,2014 FIFA World Cup,group stage,Group A,Cameroon,Croatia,0,4,-4,0,0,away team win,0,1,0
2014,2014 FIFA World Cup,group stage,Group C,Colombia,Ivory Coast,2,1,1,0,0,home team win,1,0,0
2014,2014 FIFA World Cup,group stage,Group D,Uruguay,England,2,1,1,0,0,home team win,1,0,0
2014,2014 FIFA World Cup,group stage,Group C,Japan,Greece,0,0,0,0,0,draw,0,0,1
2014,2014 FIFA World Cup,group stage,Group D,Italy,Costa Rica,0,1,-1,0,0,away team win,0,1,0
2014,2014 FIFA World Cup,group stage,Group E,Switzerland,France,2,5,-3,0,0,away team win,0,1,0
2014,2014 FIFA World Cup,group stage,Group E,Honduras,Ecuador,1,2,-1,0,0,away team win,0,1,0
2014,2014 FIFA World Cup,group stage,Group F,Argentina,Iran,1,0,1,0,0,home team win,1,0,0
2014,2014 FIFA World Cup,group stage,Group G,Germany,Ghana,2,2,0,0,0,draw,0,0,1
2014,2014 FIFA World Cup,group stage,Group F,Nigeria,Bosnia and Herzegovina,1,0,1,0,0,home team win,1,0,0
2014,2014 FIFA World Cup,group stage,Group H,Belgium,Russia,1,0,1,0,0,home team win,1,0,0
2014,2014 FIFA World Cup,group stage,Group H,South Korea,Algeria,2,4,-2,0,0,away team win,0,1,0
2014,2014 FIFA World Cup,group stage,Group G,United States,Portugal,2,2,0,0,0,draw,0,0,1
2014,2014 FIFA World Cup,group stage,Group B,Australia,Spain,0,3,-3,0,0,away team win,0,1,0
2014,2014 FIFA World Cup,group stage,Group B,Netherlands,Chile,2,0,2,0,0,home team win,1,0,0
2014,2014 FIFA World Cup,group stage,Group A,Cameroon,Brazil,1,4,-3,0,0,away team win,0,1,0
2014,2014 FIFA World Cup,group stage,Group A,Croatia,Mexico,1,3,-2,0,0,away team win,0,1,0
2014,2014 FIFA World Cup,group stage,Group D,Costa Rica,England,0,0,0,0,0,draw,0,0,1
2014,2014 FIFA World Cup,group stage,Group D,Italy,Uruguay,0,1,-1,0,0,away team win,0,1,0
2014,2014 FIFA World Cup,group stage,Group C,Japan,Colombia,1,4,-3,0,0,away team win,0,1,0
2014,2014 FIFA World Cup,group stage,Group C,Greece,Ivory Coast,2,1,1,0,0,home team win,1,0,0
2014,2014 FIFA World Cup,group stage,Group F,Bosnia and Herzegovina,Iran,3,1,2,0,0,home team win,1,0,0
2014,2014 FIFA World Cup,group stage,Group F,Nigeria,Argentina,2,3,-1,0,0,away team win,0,1,0
2014,2014 FIFA World Cup,group stage,Group E,Honduras,Switzerland,0,3,-3,0,0,away team win,0,1,0
2014,2014 FIFA World Cup,group stage,Group E,Ecuador,France,0,0,0,0,0,draw,0,0,1
2014,2014 FIFA World Cup,group stage,Group G,Portugal,Ghana,2,1,1,0,0,home team win,1,0,0
2014,2014 FIFA World Cup,group stage,Group G,United States,Germany,0,1,-1,0,0,away team win,0,1,0
2014,2014 FIFA World Cup,group stage,Group H,Algeria,Russia,1,1,0,0,0,draw,0,0,1
2014,2014 FIFA World Cup,group stage,Group H,South Korea,Belgium,0,1,-1,0,0,away team win,0,1,0
2014,2014 FIFA World Cup,round of 16,not applicable,Brazil,Chile,1,1,0,1,1,home team win,1,0,0
2014,2014 FIFA World Cup,round of 16,not applicable,Colombia,Uruguay,2,0,2,0,0,home team win,1,0,0
2014,2014 FIFA World Cup,round of 16,not applicable,Netherlands,Mexico,2,1,1,0,0,home team win,1,0,0
2014,2014 FIFA World Cup,round of 16,not applicable,Costa Rica,Greece,1,1,0,1,1,home team win,1,0,0
2014,2014 FIFA World Cup,round of 16,not applicable,France,Nigeria,2,0,2,0,0,home team win,1,0,0
2014,2014 FIFA World Cup,round of 16,not applicable,Germany,Algeria,2,1,1,1,0,home team win,1,0,0
2014,2014 FIFA World Cup,round of 16,not applicable,Argentina,Switzerland,1,0,1,1,0,home team win,1,0,0
2014,2014 FIFA World Cup,round of 16,not applicable,Belgium,United States,2,1,1,1,0,home team win,1,0,0
2014,2014 FIFA World Cup,quarter-finals,not applicable,France,Germany,0,1,-1,0,0,away team win,0,1,0
2014,2014 FIFA World Cup,quarter-finals,not applicable,Brazil,Colombia,2,1,1,0,0,home team win,1,0,0
2014,2014 FIFA World Cup,quarter-finals,not applicable,Argentina,Belgium,1,0,1,0,0,home team win,1,0,0
2014,2014 FIFA World Cup,quarter-finals,not applicable,Netherlands,Costa Rica,0,0,0,1,1,home team win,1,0,0
2014,2014 FIFA World Cup,semi-finals,not applicable,Brazil,Germany,1,7,-6,0,0,away team win,0,1,0
2014,2014 FIFA World Cup,semi-finals,not applicable,Netherlands,Argentina,0,0,0,1,1,away team win,0,1,0
2014,2014 FIFA World Cup,third-place match,not applicable,Brazil,Netherlands,0,3,-3,0,0,away team win,0,1,0
2014,2014 FIFA World Cup,final,not applicable,Germany,Argentina,1,0,1,1,0,home team win,1,0,0
2018,2018 FIFA World Cup,group stage,Group A,Russia,Saudi Arabia,5,0,5,0,0,home team win,1,0,0
2018,2018 FIFA World Cup,group stage,Group A,Egypt,Uruguay,0,1,-1,0,0,away team win,0,1,0
2018,2018 FIFA World Cup,group stage,Group B,Morocco,Iran,0,1,-1,0,0,away team win,0,1,0
2018,2018 FIFA World Cup,group stage,Group B,Portugal,Spain,3,3,0,0,0,draw,0,0,1
2018,2018 FIFA World Cup,group stage,Group C,France,Australia,2,1,1,0,0,home team win,1,0,0
2018,2018 FIFA World Cup,group stage,Group D,Argentina,Iceland,1,1,0,0,0,draw,0,0,1
2018,2018 FIFA World Cup,group stage,Group C,Peru,Denmark,0,1,-1,0,0,away team win,0,1,0
2018,2018 FIFA World Cup,group stage,Group D,Croatia,Nigeria,2,0,2,0,0,home team win,1,0,0
2018,2018 FIFA World Cup,group stage,Group E,Costa Rica,Serbia,0,1,-1,0,0,away team win,0,1,0
2018,2018 FIFA World Cup,group stage,Group F,Germany,Mexico,0,1,-1,0,0,away team win,0,1,0
2018,2018 FIFA World Cup,group stage,Group E,Brazil,Switzerland,1,1,0,0,0,draw,0,0,1
2018,2018 FIFA World Cup,group stage,Group F,Sweden,South Korea,1,0,1,0,0,home team win,1,0,0
2018,2018 FIFA World Cup,group stage,Group G,Belgium,Panama,3,0,3,0,0,home team win,1,0,0
2018,2018 FIFA World Cup,group stage,Group G,Tunisia,England,1,2,-1,0,0,away team win,0,1,0
2018,2018 FIFA World Cup,group stage,Group H,Colombia,Japan,1,2,-1,0,0,away team win,0,1,0
2018,2018 FIFA World Cup,group stage,Group H,Poland,Senegal,1,2,-1,0,0,away team win,0,1,0
2018,2018 FIFA World Cup,group stage,Group A,Russia,Egypt,3,1,2,0,0,home team win,1,0,0
2018,2018 FIFA World Cup,group stage,Group B,Portugal,Morocco,1,0,1,0,0,home team win,1,0,0
2018,2018 FIFA World Cup,group stage,Group A,Uruguay,Saudi Arabia,1,0,1,0,0,home team win,1,0,0
2018,2018 FIFA World Cup,group stage,Group B,Iran,Spain,0,1,-1,0,0,away team win,0,1,0
2018,2018 FIFA World Cup,group stage,Group C,Denmark,Australia,1,1,0,0,0,draw,0,0,1
2018,2018 FIFA World Cup,group stage,Group C,France,Peru,1,0,1,0,0,home team win,1,0,0
2018,2018 FIFA World Cup,group stage,Group D,Argentina,Croatia,0,3,-3,0,0,away team win,0,1,0
2018,2018 FIFA World Cup,group stage,Group E,Brazil,Costa Rica,2,0,2,0,0,home team win,1,0,0
2018,2018 FIFA World Cup,group stage,Group D,Nigeria,Iceland,2,0,2,0,0,home team win,1,0,0
2018,2018 FIFA World Cup,group stage,Group E,Serbia,Switzerland,1,2,-1,0,0,away team win,0,1,0
2018,2018 FIFA World Cup,group stage,Group G,Belgium,Tunisia,5,2,3,0,0,home team win,1,0,0
2018,2018 FIFA World Cup,group stage,Group F,South Korea,Mexico,1,2,-1,0,0,away team win,0,1,0
2018,2018 FIFA World Cup,group stage,Group F,Germany,Sweden,2,1,1,0,0,home team win,1,0,0
2018,2018 FIFA World Cup,group stage,Group G,England,Panama,6,1,5,0,0,home team win,1,0,0
2018,2018 FIFA World Cup,group stage,Group H,Japan,Senegal,2,2,0,0,0,draw,0,0,1
2018,2018 FIFA World Cup,group stage,Group H,Poland,Colombia,0,3,-3,0,0,away team win,0,1,0
2018,2018 FIFA World Cup,group stage,Group A,Saudi Arabia,Egypt,2,1,1,0,0,home team win,1,0,0
2018,2018 FIFA World Cup,group stage,Group A,Uruguay,Russia,3,0,3,0,0,home team win,1,0,0
2018,2018 FIFA World Cup,group stage,Group B,Spain,Morocco,2,2,0,0,0,draw,0,0,1
2018,2018 FIFA World Cup,group stage,Group B,Iran,Portugal,1,1,0,0,0,draw,0,0,1
2018,2018 FIFA World Cup,group stage,Group C,Australia,Peru,0,2,-2,0,0,away team win,0,1,0
2018,2018 FIFA World Cup,group stage,Group C,Denmark,France,0,0,0,0,0,draw,0,0,1
2018,2018 FIFA World Cup,group stage,Group D,Iceland,Croatia,1,2,-1,0,0,away team win,0,1,0
2018,2018 FIFA World Cup,group stage,Group D,Nigeria,Argentina,1,2,-1,0,0,away team win,0,1,0
2018,2018 FIFA World Cup,group stage,Group F,South Korea,Germany,2,0,2,0,0,home team win,1,0,0
2018,2018 FIFA World Cup,group stage,Group F,Mexico,Sweden,0,3,-3,0,0,away team win,0,1,0
2018,2018 FIFA World Cup,group stage,Group E,Serbia,Brazil,0,2,-2,0,0,away team win,0,1,0
2018,2018 FIFA World Cup,group stage,Group E,Switzerland,Costa Rica,2,2,0,0,0,draw,0,0,1
2018,2018 FIFA World Cup,group stage,Group H,Japan,Poland,0,1,-1,0,0,away team win,0,1,0
2018,2018 FIFA World Cup,group stage,Group H,Senegal,Colombia,0,1,-1,0,0,away team win,0,1,0
2018,2018 FIFA World Cup,group stage,Group G,England,Belgium,0,1,-1,0,0,away team win,0,1,0
2018,2018 FIFA World Cup,group stage,Group G,Panama,Tunisia,1,2,-1,0,0,away team win,0,1,0
2018,2018 FIFA World Cup,round of 16,not applicable,France,Argentina,4,3,1,0,0,home team win,1,0,0
2018,2018 FIFA World Cup,round of 16,not applicable,Uruguay,Portugal,2,1,1,0,0,home team win,1,0,0
2018,2018 FIFA World Cup,round of 16,not applicable,Spain,Russia,1,1,0,1,1,away team win,0,1,0
2018,2018 FIFA World Cup,round of 16,not applicable,Croatia,Denmark,1,1,0,1,1,home team win,1,0,0
2018,2018 FIFA World Cup,round of 16,not applicable,Brazil,Mexico,2,0,2,0,0,home team win,1,0,0
2018,2018 FIFA World Cup,round of 16,not applicable,Belgium,Japan,3,2,1,0,0,home team win,1,0,0
2018,2018 FIFA World Cup,round of 16,not applicable,Sweden,Switzerland,1,0,1,0,0,home team win,1,0,0
2018,2018 FIFA World Cup,round of 16,not applicable,Colombia,England,1,1,0,1,1,away team win,0,1,0
2018,2018 FIFA World Cup,quarter-finals,not applicable,Uruguay,France,0,2,-2,0,0,away team win,0,1,0
2018,2018 FIFA World Cup,quarter-finals,not applicable,Brazil,Belgium,1,2,-1,0,0,away team win,0,1,0
2018,2018 FIFA World Cup,quarter-finals,not applicable,Sweden,England,0,2,-2,0,0,away team win,0,1,0
2018,2018 FIFA World Cup,quarter-finals,not applicable,Russia,Croatia,2,2,0,1,1,away team win,0,1,0
2018,2018 FIFA World Cup,semi-finals,not applicable,France,Belgium,1,0,1,0,0,home team win,1,0,0
2018,2018 FIFA World Cup,semi-finals,not applicable,Croatia,England,2,1,1,1,0,home team win,1,0,0
2018,2018 FIFA World Cup,third-place match,not applicable,Belgium,England,2,0,2,0,0,home team win,1,0,0
2018,2018 FIFA World Cup,final,not applicable,France,Croatia,4,2,2,0,0,home team win,1,0,0
2022,2022 FIFA World Cup,group stage,Group A,Qatar,Ecuador,0,2,-2,0,0,away team win,0,1,0
2022,2022 FIFA World Cup,group stage,Group B,England,Iran,6,2,4,0,0,home team win,1,0,0
2022,2022 FIFA World Cup,group stage,Group A,Senegal,Netherlands,0,2,-2,0,0,away team win,0,1,0
2022,2022 FIFA World Cup,group stage,Group B,United States,Wales,1,1,0,0,0,draw,0,0,1
2022,2022 FIFA World Cup,group stage,Group C,Argentina,Saudi Arabia,1,2,-1,0,0,away team win,0,1,0
2022,2022 FIFA World Cup,group stage,Group D,Denmark,Tunisia,0,0,0,0,0,draw,0,0,1
2022,2022 FIFA World Cup,group stage,Group C,Mexico,Poland,0,0,0,0,0,draw,0,0,1
2022,2022 FIFA World Cup,group stage,Group D,France,Australia,4,1,3,0,0,home team win,1,0,0
2022,2022 FIFA World Cup,group stage,Group F,Morocco,Croatia,0,0,0,0,0,draw,0,0,1
2022,2022 FIFA World Cup,group stage,Group E,Germany,Japan,1,2,-1,0,0,away team win,0,1,0
2022,2022 FIFA World Cup,group stage,Group E,Spain,Costa Rica,7,0,7,0,0,home team win,1,0,0
2022,2022 FIFA World Cup,group stage,Group F,Belgium,Canada,1,0,1,0,0,home team win,1,0,0
2022,2022 FIFA World Cup,group stage,Group G,Switzerland,Cameroon,1,0,1,0,0,home team win,1,0,0
2022,2022 FIFA World Cup,group stage,Group H,Uruguay,South Korea,0,0,0,0,0,draw,0,0,1
2022,2022 FIFA World Cup,group stage,Group H,Portugal,Ghana,3,2,1,0,0,home team win,1,0,0
2022,2022 FIFA World Cup,group stage,Group G,Brazil,Serbia,2,0,2,0,0,home team win,1,0,0
2022,2022 FIFA World Cup,group stage,Group B,Wales,Iran,0,2,-2,0,0,away team win,0,1,0
2022,2022 FIFA World Cup,group stage,Group A,Qatar,Senegal,1,3,-2,0,0,away team win,0,1,0
2022,2022 FIFA World Cup,group stage,Group A,Netherlands,Ecuador,1,1,0,0,0,draw,0,0,1
2022,2022 FIFA World Cup,group stage,Group B,England,United States,0,0,0,0,0,draw,0,0,1
2022,2022 FIFA World Cup,group stage,Group D,Tunisia,Australia,0,1,-1,0,0,away team win,0,1,0
2022,2022 FIFA World Cup,group stage,Group C,Poland,Saudi Arabia,2,0,2,0,0,home team win,1,0,0
2022,2022 FIFA World Cup,group stage,Group D,France,Denmark,2,1,1,0,0,home team win,1,0,0
2022,2022 FIFA World Cup,group stage,Group C,Argentina,Mexico,2,0,2,0,0,home team win,1,0,0
2022,2022 FIFA World Cup,group stage,Group E,Japan,Costa Rica,0,1,-1,0,0,away team win,0,1,0
2022,2022 FIFA World Cup,group stage,Group F,Belgium,Morocco,0,2,-2,0,0,away team win,0,1,0
2022,2022 FIFA World Cup,group stage,Group F,Croatia,Canada,4,1,3,0,0,home team win,1,0,0
2022,2022 FIFA World Cup,group stage,Group E,Spain,Germany,1,1,0,0,0,draw,0,0,1
2022,2022 FIFA World Cup,group stage,Group G,Cameroon,Serbia,3,3,0,0,0,draw,0,0,1
2022,2022 FIFA World Cup,group stage,Group H,South Korea,Ghana,2,3,-1,0,0,away team win,0,1,0
2022,2022 FIFA World Cup,group stage,Group G,Brazil,Switzerland,1,0,1,0,0,home team win,1,0,0
2022,2022 FIFA World Cup,group stage,Group H,Portugal,Uruguay,2,0,2,0,0,home team win,1,0,0
2022,2022 FIFA World Cup,group stage,Group A,Ecuador,Senegal,1,2,-1,0,0,away team win,0,1,0
2022,2022 FIFA World Cup,group stage,Group A,Netherlands,Qatar,2,0,2,0,0,home team win,1,0,0
2022,2022 FIFA World Cup,group stage,Group B,Iran,United States,0,1,-1,0,0,away team win,0,1,0
2022,2022 FIFA World Cup,group stage,Group B,Wales,England,0,3,-3,0,0,away team win,0,1,0
2022,2022 FIFA World Cup,group stage,Group D,Australia,Denmark,1,0,1,0,0,home team win,1,0,0
2022,2022 FIFA World Cup,group stage,Group D,Tunisia,France,1,0,1,0,0,home team win,1,0,0
2022,2022 FIFA World Cup,group stage,Group C,Poland,Argentina,0,2,-2,0,0,away team win,0,1,0
2022,2022 FIFA World Cup,group stage,Group C,Saudi Arabia,Mexico,1,2,-1,0,0,away team win,0,1,0
2022,2022 FIFA World Cup,group stage,Group F,Canada,Morocco,1,2,-1,0,0,away team win,0,1,0
2022,2022 FIFA World Cup,group stage,Group F,Croatia,Belgium,0,0,0,0,0,draw,0,0,1
2022,2022 FIFA World Cup,group stage,Group E,Costa Rica,Germany,2,4,-2,0,0,away team win,0,1,0
2022,2022 FIFA World Cup,group stage,Group E,Japan,Spain,2,1,1,0,0,home team win,1,0,0
2022,2022 FIFA World Cup,group stage,Group H,Ghana,Uruguay,0,2,-2,0,0,away team win,0,1,0
2022,2022 FIFA World Cup,group stage,Group H,South Korea,Portugal,2,1,1,0,0,home team win,1,0,0
2022,2022 FIFA World Cup,group stage,Group G,Cameroon,Brazil,1,0,1,0,0,home team win,1,0,0
2022,2022 FIFA World Cup,group stage,Group G,Serbia,Switzerland,2,3,-1,0,0,away team win,0,1,0
2022,2022 FIFA World Cup,round of 16,not applicable,Netherlands,United States,3,1,2,0,0,home team win,1,0,0
2022,2022 FIFA World Cup,round of 16,not applicable,Argentina,Australia,2,1,1,0,0,home team win,1,0,0
2022,2022 FIFA World Cup,round of 16,not applicable,France,Poland,3,1,2,0,0,home team win,1,0,0
2022,2022 FIFA World Cup,round of 16,not applicable,England,Senegal,3,0,3,0,0,home team win,1,0,0
2022,2022 FIFA World Cup,round of 16,not applicable,Japan,Croatia,1,1,0,1,1,away team win,0,1,0
2022,2022 FIFA World Cup,round of 16,not applicable,Brazil,South Korea,4,1,3,0,0,home team win,1,0,0
2022,2022 FIFA World Cup,round of 16,not applicable,Morocco,Spain,0,0,0,1,1,home team win,1,0,0
2022,2022 FIFA World Cup,round of 16,not applicable,Portugal,Switzerland,6,1,5,0,0,home team win,1,0,0
2022,2022 FIFA World Cup,quarter-finals,not applicable,Croatia,Brazil,1,1,0,1,1,home team win,1,0,0
2022,2022 FIFA World Cup,quarter-finals,not applicable,Netherlands,Argentina,2,2,0,1,1,away team win,0,1,0
2022,2022 FIFA World Cup,quarter-finals,not applicable,Morocco,Portugal,1,0,1,0,0,home team win,1,0,0
2022,2022 FIFA World Cup,quarter-finals,not applicable,England,France,1,2,-1,0,0,away team win,0,1,0
2022,2022 FIFA World Cup,semi-finals,not applicable,Argentina,Croatia,3,0,3,0,0,home team win,1,0,0
2022,2022 FIFA World Cup,semi-finals,not applicable,France,Morocco,2,0,2,0,0,home team win,1,0,0
2022,2022 FIFA World Cup,third-place match,not applicable,Croatia,Morocco,2,1,1,0,0,home team win,1,0,0
2022,2022 FIFA World Cup,final,not applicable,Argentina,France,3,3,0,1,1,home team win,1,0,0
